Serial Number,Roll Number,Name,Father Name,Admission Year,Category,Gender,Grade,City,Standard,Hindi Marks,English Marks,Science Marks,Maths Marks,Drawing Marks,Total Marks,Percentage
11223001,R1000,Kamal,Prakash,2006,BC,F,C,Faridabad,12th,56,19,58,24,5,162,32.4
11223002,R1001,Vikas,Rajesh,2008,BC,M,A,Panipat,11th,75,0,20,81,79,255,51.0
11223003,R1002,Suman,Rajesh,2006,GNRL,M,D,Faridabad,7th,42,48,46,81,36,253,50.6
11223004,R1003,Anjali,Naresh,2003,BC,F,C,Rohtak,12th,26,12,51,74,98,261,52.2
11223005,R1004,Mohit,Dinesh,2001,SC,F,A,Gurgaon,9th,70,51,27,17,7,172,34.4
11223006,R1005,Kamal,Prakash,2008,GNRL,M,A,Rohtak,8th,53,97,62,71,66,349,69.8
11223007,R1006,Suman,Lokesh,2002,BC,F,A,Faridabad,9th,100,38,22,78,84,322,64.4
11223008,R1007,Pooja,Mukesh,2004,SC,F,D,Rohtak,12th,43,73,12,7,67,202,40.4
11223009,R1008,Ravi,Prakash,2007,SC,M,C,Sonipat,11th,46,5,10,69,1,131,26.2
11223010,R1009,Suman,Prakash,2006,GNRL,M,D,Rohtak,7th,70,85,35,41,79,310,62.0
11223011,R1010,Anjali,Ramesh,2007,BC,M,B,Sonipat,7th,41,2,68,38,72,221,44.2
11223012,R1011,Vikas,Dinesh,2000,OBC,F,A,Gurgaon,9th,62,22,55,18,27,184,36.8
11223013,R1012,Mohit,Dinesh,2003,SC,F,A,Faridabad,11th,40,48,12,46,18,164,32.8
11223014,R1013,Mohit,Satish,2000,OBC,F,D,Sonipat,6th,56,46,26,94,61,283,56.6
11223016,R1015,Aman,Naresh,2008,OBC,M,B,Faridabad,12th,46,40,8,48,28,170,34.0
11223017,R1016,Deepak,Naresh,2001,SC,F,D,Ambala,9th,48,64,64,100,97,373,74.6
11223018,R1017,Ravi,Mahesh,2001,OBC,M,B,Sonipat,9th,62,32,39,36,38,207,41.4
11223019,R1018,Anjali,Naresh,2008,SC,M,C,Jhajjar,8th,73,81,47,2,61,264,52.8
11223020,R1019,Pooja,Mukesh,2002,GNRL,F,A,Jhajjar,8th,10,15,95,37,76,233,46.6
11223023,R1022,Deepak,Satish,2003,SC,M,B,Hisar,8th,23,48,89,80,75,315,63.0
11223024,R1023,Deepak,Suresh,2005,GNRL,F,D,Sonipat,9th,25,35,54,33,59,206,41.2
11223025,R1024,Pooja,Prakash,2005,OBC,F,D,Jhajjar,12th,27,13,75,57,48,220,44.0
11223026,R1025,Deepak,Mukesh,2000,GNRL,M,D,Gurgaon,11th,68,51,41,95,94,349,69.8
11223027,R1026,Mohit,Satish,2001,OBC,F,A,Karnal,8th,30,65,27,35,79,236,47.2
11223028,R1027,Ravi,Mukesh,2000,OBC,F,B,Kurukshetra,6th,28,3,59,49,56,195,39.0
11223029,R1028,Deepak,Lokesh,2007,GNRL,M,A,Hisar,8th,56,55,41,90,74,316,63.2
11223031,R1030,Ravi,Suresh,2004,BC,F,D,Kurukshetra,7th,92,46,52,90,0,280,56.0
11223032,R1031,Ravi,Satish,2000,OBC,F,D,Rohtak,7th,9,47,57,54,73,240,48.0
11223033,R1032,Suman,Mukesh,2001,BC,M,D,Hisar,6th,53,98,27,43,18,239,47.8
11223034,R1033,Deepak,Rajesh,2007,GNRL,M,C,Jhajjar,6th,8,36,98,13,56,211,42.2
11223035,R1034,Deepak,Mahesh,2004,GNRL,M,A,Faridabad,8th,76,36,22,27,59,220,44.0
11223036,R1035,Aman,Mahesh,2002,BC,F,A,Gurgaon,6th,53,1,84,55,9,202,40.4
11223037,R1036,Kamal,Suresh,2001,SC,M,B,Sonipat,7th,73,78,90,51,50,342,68.4
11223039,R1038,Aman,Mukesh,2007,BC,M,A,Hisar,12th,81,66,9,35,36,227,45.4
11223040,R1039,Suman,Suresh,2003,OBC,M,B,Kurukshetra,7th,47,43,94,87,6,277,55.4
11223041,R1040,Mohit,Suresh,2005,SC,F,A,Kurukshetra,6th,89,46,23,16,29,203,40.6
11223042,R1041,Mohit,Naresh,2009,GNRL,M,B,Sonipat,11th,55,21,35,18,30,159,31.8
11223043,R1042,Pooja,Satish,2005,GNRL,F,B,Ambala,11th,12,92,64,51,8,227,45.4
11223044,R1043,Suman,Ramesh,2005,BC,M,B,Ambala,7th,46,100,29,94,25,294,58.8
11223045,R1044,Pooja,Dinesh,2002,SC,F,A,Rohtak,7th,19,98,44,96,34,291,58.2
11223046,R1045,Anjali,Prakash,2006,OBC,F,D,Hisar,7th,32,86,46,81,100,345,69.0
11223047,R1046,Neha,Naresh,2009,SC,M,A,Gurgaon,7th,38,34,66,95,99,332,66.4
11223048,R1047,Vikas,Naresh,2005,SC,M,C,Rohtak,12th,78,24,20,76,55,253,50.6
11223049,R1048,Vikas,Rajesh,2001,SC,M,C,Jhajjar,8th,88,88,43,90,92,401,80.2
11223050,R1049,Anjali,Dinesh,2007,SC,M,B,Kurukshetra,11th,92,28,84,33,67,304,60.8
11223051,R1050,Anjali,Mahesh,2006,SC,F,B,Karnal,9th,3,28,51,30,84,196,39.2
11223052,R1051,Neha,Suresh,2008,SC,F,C,Faridabad,7th,13,30,6,81,2,132,26.4
11223054,R1053,Kamal,Satish,2002,OBC,M,C,Gurgaon,8th,77,100,75,20,20,292,58.4
11223055,R1054,Ravi,Naresh,2003,BC,F,B,Karnal,11th,13,74,86,78,92,343,68.6
11223056,R1055,Ravi,Suresh,2006,OBC,F,B,Ambala,9th,82,96,37,8,52,275,55.0
11223057,R1056,Ravi,Naresh,2003,OBC,M,A,Gurgaon,6th,62,32,37,65,82,278,55.6
11223058,R1057,Kamal,Lokesh,2008,SC,F,D,Kurukshetra,8th,25,17,46,20,51,159,31.8
11223059,R1058,Suman,Satish,2007,BC,F,C,Faridabad,7th,57,4,17,18,98,194,38.8
11223060,R1059,Aman,Lokesh,2000,BC,F,B,Kurukshetra,12th,55,13,95,19,17,199,39.8
11223061,R1060,Anjali,Lokesh,2000,GNRL,M,A,Karnal,6th,95,100,90,29,88,402,80.4
11223062,R1061,Ravi,Rajesh,2006,GNRL,M,B,Hisar,7th,15,9,12,0,33,69,13.8
11223063,R1062,Ravi,Naresh,2001,SC,F,A,Faridabad,11th,7,32,40,71,98,248,49.6
11223064,R1063,Pooja,Suresh,2007,OBC,F,B,Karnal,9th,51,53,57,42,17,220,44.0
11223065,R1064,Suman,Mahesh,2001,SC,M,B,Hisar,11th,71,96,85,76,7,335,67.0
11223066,R1065,Deepak,Lokesh,2002,BC,M,C,Sonipat,11th,38,56,84,38,21,237,47.4
11223069,R1068,Anjali,Dinesh,2009,SC,M,B,Rohtak,7th,53,88,63,47,17,268,53.6
11223071,R1070,Suman,Suresh,2004,GNRL,F,B,Panipat,8th,86,48,17,67,39,257,51.4
11223072,R1071,Neha,Dinesh,2000,GNRL,F,D,Faridabad,12th,27,53,8,6,12,106,21.2
11223073,R1072,Kamal,Mukesh,2006,GNRL,F,A,Faridabad,6th,96,81,81,19,11,288,57.6
11223074,R1073,Neha,Suresh,2006,GNRL,F,C,Karnal,6th,17,53,14,7,70,161,32.2
11223076,R1075,Aman,Mukesh,2009,GNRL,F,A,Ambala,7th,79,82,63,52,11,287,57.4
11223077,R1076,Neha,Satish,2009,GNRL,M,B,Kurukshetra,7th,100,83,55,73,44,355,71.0
11223078,R1077,Ravi,Suresh,2000,SC,M,A,Sonipat,12th,69,88,63,53,16,289,57.8
11223079,R1078,Pooja,Lokesh,2005,OBC,F,C,Ambala,6th,72,39,26,42,64,243,48.6
11223080,R1079,Neha,Prakash,2009,BC,M,B,Jhajjar,9th,88,26,49,77,98,338,67.6
11223081,R1080,Vikas,Mukesh,2005,OBC,M,C,Ambala,9th,14,43,61,57,67,242,48.4
11223082,R1081,Ravi,Ramesh,2006,BC,M,C,Hisar,12th,11,80,28,100,58,277,55.4
11223083,R1082,Vikas,Naresh,2000,OBC,F,B,Kurukshetra,8th,29,58,15,91,56,249,49.8
11223084,R1083,Neha,Rajesh,2001,GNRL,M,A,Jhajjar,12th,1,58,55,34,42,190,38.0
11223085,R1084,Neha,Dinesh,2000,BC,F,A,Kurukshetra,6th,7,52,38,24,48,169,33.8
11223086,R1085,Vikas,Lokesh,2005,GNRL,M,C,Sonipat,12th,22,45,28,63,94,252,50.4
11223087,R1086,Mohit,Suresh,2002,GNRL,F,A,Jhajjar,9th,36,6,75,95,77,289,57.8
11223088,R1087,Neha,Naresh,2007,OBC,F,C,Hisar,7th,47,72,80,65,50,314,62.8
11223089,R1088,Anjali,Naresh,2000,GNRL,F,D,Sonipat,7th,85,21,82,41,14,243,48.6
11223091,R1090,Pooja,Lokesh,2005,OBC,M,D,Karnal,7th,32,26,7,26,73,164,32.8
11223092,R1091,Pooja,Prakash,2008,BC,F,A,Faridabad,12th,17,23,9,0,14,63,12.6
11223093,R1092,Pooja,Mahesh,2000,GNRL,M,D,Karnal,8th,79,50,27,55,1,212,42.4
11223094,R1093,Kamal,Satish,2003,GNRL,M,B,Hisar,12th,14,39,15,99,29,196,39.2
11223095,R1094,Deepak,Mukesh,2008,OBC,F,A,Hisar,6th,7,30,63,23,91,214,42.8
11223096,R1095,Suman,Mukesh,2008,SC,F,D,Karnal,9th,6,49,49,57,62,223,44.6
11223097,R1096,Anjali,Lokesh,2002,OBC,M,D,Karnal,12th,65,18,90,49,18,240,48.0
11223098,R1097,Suman,Dinesh,2002,GNRL,M,D,Jhajjar,9th,99,8,97,59,65,328,65.6
11223099,R1098,Mohit,Mukesh,2009,SC,M,A,Hisar,6th,99,81,55,37,33,305,61.0
11223100,R1099,Pooja,Rajesh,2009,BC,F,A,Sonipat,8th,92,62,87,42,64,347,69.4
11223101,R1100,Ravi,Prakash,2007,GNRL,M,C,Panipat,8th,12,45,61,33,79,230,46.0
11223103,R1102,Ravi,Prakash,2006,BC,M,D,Kurukshetra,6th,62,34,87,97,79,359,71.8
11223105,R1104,Aman,Ramesh,2009,BC,F,A,Faridabad,8th,46,91,27,67,8,239,47.8
11223106,R1105,Deepak,Satish,2009,GNRL,M,D,Gurgaon,11th,87,32,90,45,69,323,64.6
11223107,R1106,Anjali,Naresh,2008,SC,F,D,Ambala,11th,71,9,28,7,11,126,25.2
11223108,R1107,Aman,Naresh,2005,GNRL,M,D,Panipat,12th,85,23,47,34,35,224,44.8
11223109,R1108,Anjali,Rajesh,2009,OBC,M,A,Kurukshetra,8th,37,35,5,80,51,208,41.6
11223110,R1109,Kamal,Suresh,2000,BC,F,D,Kurukshetra,11th,47,90,38,69,49,293,58.6
11223111,R1110,Kamal,Prakash,2007,SC,F,A,Gurgaon,7th,0,94,65,59,35,253,50.6
11223112,R1111,Pooja,Mukesh,2003,BC,M,B,Jhajjar,8th,87,79,44,57,18,285,57.0
11223114,R1113,Aman,Prakash,2000,SC,F,C,Hisar,7th,35,89,36,40,11,211,42.2
11223115,R1114,Pooja,Ramesh,2007,SC,M,D,Ambala,12th,15,35,19,65,76,210,42.0
11223116,R1115,Suman,Suresh,2004,GNRL,F,A,Ambala,12th,0,43,32,71,100,246,49.2
11223117,R1116,Aman,Mahesh,2002,BC,F,C,Gurgaon,7th,31,90,20,87,58,286,57.2
11223118,R1117,Deepak,Prakash,2009,OBC,M,B,Panipat,7th,47,60,29,23,26,185,37.0
11223120,R1119,Kamal,Lokesh,2007,OBC,F,C,Jhajjar,9th,80,58,26,1,26,191,38.2
11223121,R1120,Ravi,Lokesh,2004,SC,F,C,Jhajjar,12th,6,65,28,53,66,218,43.6
11223122,R1121,Kamal,Suresh,2006,SC,F,D,Panipat,7th,34,24,28,62,91,239,47.8
11223123,R1122,Deepak,Suresh,2005,BC,M,B,Gurgaon,6th,57,84,29,36,0,206,41.2
11223124,R1123,Vikas,Ramesh,2006,SC,F,D,Gurgaon,7th,23,81,41,8,95,248,49.6
11223125,R1124,Ravi,Mukesh,2009,SC,F,A,Faridabad,12th,15,78,40,1,21,155,31.0
11223126,R1125,Mohit,Satish,2008,SC,M,A,Rohtak,8th,9,13,54,25,86,187,37.4
11223127,R1126,Deepak,Mukesh,2004,SC,F,A,Jhajjar,6th,42,48,1,10,59,160,32.0
11223128,R1127,Aman,Satish,2007,GNRL,M,C,Panipat,9th,97,17,26,39,64,243,48.6
11223131,R1130,Kamal,Dinesh,2000,OBC,F,D,Hisar,9th,45,61,86,37,24,253,50.6
11223132,R1131,Mohit,Mahesh,2008,OBC,M,A,Karnal,6th,98,26,77,39,55,295,59.0
11223133,R1132,Aman,Satish,2000,BC,M,C,Panipat,6th,13,51,63,39,96,262,52.4
11223134,R1133,Pooja,Satish,2001,SC,F,A,Sonipat,11th,70,26,44,98,79,317,63.4
11223136,R1135,Deepak,Lokesh,2003,BC,M,B,Rohtak,12th,68,27,37,34,6,172,34.4
11223137,R1136,Pooja,Mukesh,2001,BC,M,C,Hisar,8th,63,20,54,70,0,207,41.4
11223138,R1137,Deepak,Rajesh,2007,OBC,F,D,Faridabad,11th,0,46,98,77,54,275,55.0
11223139,R1138,Deepak,Naresh,2004,OBC,M,B,Panipat,12th,0,64,6,51,72,193,38.6
11223140,R1139,Anjali,Ramesh,2001,BC,M,D,Gurgaon,11th,8,13,56,41,69,187,37.4
11223141,R1140,Aman,Ramesh,2001,BC,F,B,Karnal,6th,93,34,22,56,10,215,43.0
11223142,R1141,Ravi,Satish,2008,SC,F,D,Ambala,6th,50,45,79,56,32,262,52.4
11223143,R1142,Mohit,Prakash,2009,SC,F,D,Ambala,6th,49,33,39,22,3,146,29.2
11223144,R1143,Suman,Rajesh,2005,BC,M,B,Kurukshetra,9th,40,4,77,51,85,257,51.4
11223145,R1144,Anjali,Satish,2002,OBC,M,B,Rohtak,8th,18,28,0,74,59,179,35.8
11223146,R1145,Anjali,Suresh,2009,GNRL,F,A,Rohtak,6th,24,27,69,38,28,186,37.2
11223147,R1146,Vikas,Suresh,2002,OBC,M,A,Ambala,7th,42,27,47,71,87,274,54.8
11223149,R1148,Ravi,Prakash,2002,SC,M,D,Panipat,12th,75,2,44,70,1,192,38.4
11223150,R1149,Kamal,Dinesh,2009,BC,F,A,Kurukshetra,6th,68,50,1,31,2,152,30.4
11223151,R1150,Pooja,Rajesh,2000,BC,M,C,Faridabad,9th,57,35,30,45,19,186,37.2
11223152,R1151,Aman,Satish,2003,OBC,M,A,Rohtak,7th,80,41,53,94,3,271,54.2
11223153,R1152,Ravi,Prakash,2007,OBC,F,B,Gurgaon,12th,16,83,80,42,63,284,56.8
11223154,R1153,Anjali,Rajesh,2008,BC,F,B,Panipat,11th,49,15,94,68,83,309,61.8
11223156,R1155,Mohit,Rajesh,2005,SC,M,C,Kurukshetra,7th,25,16,95,36,6,178,35.6
11223157,R1156,Pooja,Lokesh,2004,OBC,F,D,Rohtak,7th,51,38,9,60,4,162,32.4
11223158,R1157,Neha,Prakash,2000,GNRL,M,B,Gurgaon,12th,71,74,22,13,58,238,47.6
11223160,R1159,Ravi,Dinesh,2002,SC,F,B,Panipat,6th,78,9,52,34,94,267,53.4
11223161,R1160,Anjali,Naresh,2001,BC,M,C,Hisar,11th,3,63,15,21,96,198,39.6
11223162,R1161,Kamal,Satish,2004,BC,M,C,Jhajjar,9th,68,21,32,97,99,317,63.4
11223163,R1162,Pooja,Satish,2003,GNRL,F,B,Panipat,8th,18,7,38,86,45,194,38.8
11223165,R1164,Mohit,Dinesh,2007,SC,M,D,Jhajjar,11th,69,50,55,47,55,276,55.2
11223167,R1166,Mohit,Mukesh,2005,GNRL,M,D,Hisar,9th,31,1,5,68,88,193,38.6
11223168,R1167,Neha,Dinesh,2003,GNRL,F,B,Jhajjar,12th,12,75,10,31,36,164,32.8
11223169,R1168,Suman,Mukesh,2009,SC,M,D,Kurukshetra,6th,2,60,25,85,100,272,54.4
11223170,R1169,Kamal,Satish,2005,OBC,M,A,Hisar,7th,90,44,49,50,87,320,64.0
11223171,R1170,Anjali,Mahesh,2008,SC,F,D,Ambala,8th,11,14,24,89,46,184,36.8
11223172,R1171,Aman,Satish,2001,SC,M,C,Faridabad,6th,98,26,14,8,35,181,36.2
11223173,R1172,Mohit,Rajesh,2006,OBC,F,B,Faridabad,9th,84,27,35,7,100,253,50.6
11223174,R1173,Neha,Naresh,2002,SC,M,D,Rohtak,12th,45,8,6,52,25,136,27.2
11223175,R1174,Neha,Prakash,2008,OBC,F,B,Kurukshetra,7th,51,94,100,9,19,273,54.6
11223176,R1175,Neha,Suresh,2000,BC,F,D,Karnal,8th,60,22,89,99,92,362,72.4
11223177,R1176,Ravi,Satish,2008,GNRL,F,B,Faridabad,6th,23,11,17,75,84,210,42.0
11223178,R1177,Mohit,Mahesh,2004,OBC,M,A,Gurgaon,9th,20,100,37,100,100,357,71.4
11223179,R1178,Mohit,Naresh,2000,SC,F,C,Ambala,8th,18,84,64,10,51,227,45.4
11223180,R1179,Deepak,Prakash,2001,BC,F,D,Hisar,12th,52,67,31,65,44,259,51.8
11223181,R1180,Aman,Satish,2007,SC,M,D,Kurukshetra,8th,16,18,45,80,76,235,47.0
11223182,R1181,Mohit,Mukesh,2005,OBC,M,D,Panipat,9th,52,58,17,79,53,259,51.8
11223183,R1182,Suman,Mahesh,2006,BC,F,A,Jhajjar,9th,34,66,65,56,9,230,46.0
11223184,R1183,Neha,Rajesh,2009,GNRL,M,A,Ambala,11th,91,48,96,9,1,245,49.0
11223186,R1185,Neha,Suresh,2008,BC,M,B,Karnal,6th,38,17,88,2,92,237,47.4
11223187,R1186,Suman,Rajesh,2000,BC,F,A,Sonipat,7th,48,34,45,70,99,296,59.2
11223188,R1187,Aman,Dinesh,2009,GNRL,F,D,Karnal,7th,57,3,33,28,39,160,32.0
11223189,R1188,Anjali,Prakash,2000,GNRL,F,D,Ambala,11th,87,41,25,61,85,299,59.8
11223190,R1189,Mohit,Satish,2007,GNRL,M,D,Faridabad,12th,54,44,9,79,25,211,42.2
11223191,R1190,Anjali,Mahesh,2008,SC,M,D,Gurgaon,11th,68,97,17,57,93,332,66.4
11223192,R1191,Ravi,Naresh,2000,GNRL,F,D,Sonipat,7th,95,62,39,36,20,252,50.4
11223193,R1192,Aman,Lokesh,2009,BC,F,B,Hisar,9th,77,15,50,0,54,196,39.2
11223194,R1193,Vikas,Lokesh,2009,OBC,F,B,Hisar,9th,58,52,47,45,21,223,44.6
11223195,R1194,Neha,Ramesh,2003,SC,M,C,Sonipat,7th,62,6,97,34,21,220,44.0
11223196,R1195,Neha,Lokesh,2004,BC,F,B,Sonipat,7th,92,76,13,98,92,371,74.2
11223197,R1196,Mohit,Mukesh,2001,OBC,M,C,Hisar,8th,33,73,39,22,50,217,43.4
11223198,R1197,Mohit,Mahesh,2002,GNRL,M,B,Rohtak,11th,87,55,10,94,96,342,68.4
11223199,R1198,Deepak,Rajesh,2008,BC,M,D,Hisar,8th,42,12,64,100,64,282,56.4
11223200,R1199,Vikas,Prakash,2004,GNRL,F,A,Kurukshetra,9th,80,100,47,4,81,312,62.4
11223201,R1200,Anjali,Rajesh,2006,OBC,M,D,Faridabad,11th,14,66,1,13,18,112,22.4
11223203,R1202,Deepak,Rajesh,2005,SC,F,C,Kurukshetra,12th,68,70,26,1,80,245,49.0
11223204,R1203,Ravi,Ramesh,2006,GNRL,F,A,Sonipat,8th,97,29,2,68,11,207,41.4
11223205,R1204,Neha,Mukesh,2009,OBC,M,D,Ambala,11th,28,61,67,16,81,253,50.6
11223206,R1205,Pooja,Lokesh,2004,SC,F,A,Rohtak,12th,7,9,52,68,90,226,45.2
11223207,R1206,Mohit,Naresh,2003,GNRL,F,B,Rohtak,11th,4,2,63,76,52,197,39.4
11223208,R1207,Mohit,Rajesh,2009,SC,M,C,Panipat,7th,70,77,94,39,44,324,64.8
11223210,R1209,Pooja,Satish,2004,OBC,M,C,Ambala,12th,8,74,61,9,83,235,47.0
11223211,R1210,Suman,Suresh,2006,BC,F,C,Faridabad,11th,66,45,18,88,80,297,59.4
11223212,R1211,Ravi,Rajesh,2007,OBC,M,A,Gurgaon,8th,35,25,66,9,55,190,38.0
11223213,R1212,Vikas,Mahesh,2007,GNRL,M,B,Gurgaon,11th,78,36,17,25,52,208,41.6
11223214,R1213,Pooja,Naresh,2008,GNRL,M,A,Karnal,9th,62,45,96,2,68,273,54.6
11223215,R1214,Neha,Dinesh,2007,BC,F,C,Jhajjar,7th,95,41,51,20,20,227,45.4
11223216,R1215,Suman,Naresh,2006,OBC,M,A,Rohtak,11th,65,11,18,91,48,233,46.6
11223217,R1216,Mohit,Rajesh,2002,SC,M,B,Gurgaon,7th,49,7,15,59,22,152,30.4
11223218,R1217,Deepak,Dinesh,2008,GNRL,M,B,Faridabad,11th,88,33,68,21,41,251,50.2
11223219,R1218,Neha,Satish,2009,OBC,F,B,Panipat,9th,16,25,46,21,18,126,25.2
11223220,R1219,Vikas,Suresh,2009,BC,F,B,Kurukshetra,11th,19,27,46,66,73,231,46.2
11223221,R1220,Pooja,Mukesh,2002,SC,F,A,Gurgaon,9th,94,65,67,13,49,288,57.6
11223222,R1221,Suman,Rajesh,2006,GNRL,F,D,Jhajjar,12th,25,51,78,19,100,273,54.6
11223223,R1222,Aman,Rajesh,2000,BC,F,A,Hisar,7th,77,3,18,83,34,215,43.0
11223224,R1223,Ravi,Mahesh,2006,GNRL,M,C,Panipat,8th,27,31,32,39,69,198,39.6
11223225,R1224,Vikas,Lokesh,2000,OBC,M,C,Gurgaon,12th,74,20,60,18,97,269,53.8
11223226,R1225,Deepak,Suresh,2000,SC,M,A,Rohtak,7th,12,88,19,36,56,211,42.2
11223227,R1226,Vikas,Mukesh,2006,SC,F,C,Ambala,11th,15,57,18,34,94,218,43.6
11223228,R1227,Aman,Suresh,2007,GNRL,F,B,Kurukshetra,11th,48,44,97,37,74,300,60.0
11223230,R1229,Ravi,Dinesh,2000,GNRL,F,D,Faridabad,12th,23,30,12,44,15,124,24.8
11223231,R1230,Vikas,Prakash,2000,SC,F,C,Sonipat,6th,85,5,9,82,37,218,43.6
11223232,R1231,Anjali,Rajesh,2009,BC,M,B,Gurgaon,7th,87,4,7,49,73,220,44.0
11223233,R1232,Kamal,Suresh,2002,GNRL,M,C,Karnal,9th,55,80,11,14,62,222,44.4
11223234,R1233,Kamal,Naresh,2000,SC,F,A,Jhajjar,11th,10,6,84,45,54,199,39.8
11223235,R1234,Kamal,Dinesh,2008,OBC,M,A,Karnal,7th,20,95,6,82,87,290,58.0
11223236,R1235,Kamal,Rajesh,2000,GNRL,M,C,Rohtak,7th,26,8,4,51,55,144,28.8
11223237,R1236,Ravi,Lokesh,2006,OBC,F,D,Rohtak,11th,19,45,40,54,36,194,38.8
11223238,R1237,Anjali,Prakash,2005,BC,F,B,Hisar,9th,46,71,21,68,17,223,44.6
11223239,R1238,Kamal,Naresh,2001,OBC,F,D,Kurukshetra,9th,72,72,15,4,27,190,38.0
11223240,R1239,Aman,Naresh,2003,GNRL,F,B,Panipat,8th,50,16,14,98,79,257,51.4
11223241,R1240,Vikas,Suresh,2006,SC,M,B,Rohtak,12th,87,42,46,70,36,281,56.2
11223242,R1241,Ravi,Naresh,2009,OBC,F,A,Gurgaon,8th,78,87,93,26,68,352,70.4
11223243,R1242,Mohit,Naresh,2003,SC,F,C,Gurgaon,12th,79,28,17,8,2,134,26.8
11223244,R1243,Ravi,Mukesh,2003,OBC,M,B,Faridabad,7th,25,52,62,64,42,245,49.0
11223245,R1244,Ravi,Prakash,2008,SC,M,C,Hisar,8th,33,77,49,24,68,251,50.2
11223246,R1245,Ravi,Dinesh,2002,OBC,M,A,Ambala,12th,1,17,81,12,65,176,35.2
11223247,R1246,Pooja,Naresh,2003,BC,F,A,Sonipat,6th,57,53,61,92,46,309,61.8
11223248,R1247,Neha,Naresh,2003,GNRL,M,B,Rohtak,6th,79,50,74,48,94,345,69.0
11223249,R1248,Kamal,Lokesh,2003,OBC,M,B,Jhajjar,7th,24,86,40,1,0,151,30.2
11223250,R1249,Suman,Ramesh,2001,BC,M,B,Hisar,12th,85,54,15,51,28,233,46.6
11223251,R1250,Neha,Lokesh,2006,SC,F,B,Karnal,9th,79,3,81,13,40,216,43.2
11223252,R1251,Mohit,Suresh,2006,OBC,F,D,Sonipat,6th,77,6,46,71,21,221,44.2
11223254,R1253,Mohit,Mahesh,2004,OBC,F,D,Faridabad,11th,15,48,99,37,80,279,55.8
11223255,R1254,Deepak,Dinesh,2007,OBC,F,C,Hisar,8th,15,0,10,64,66,155,31.0
11223256,R1255,Vikas,Rajesh,2004,GNRL,M,A,Faridabad,11th,26,81,18,90,91,306,61.2
11223257,R1256,Mohit,Ramesh,2009,GNRL,M,D,Ambala,11th,67,62,0,82,24,235,47.0
11223258,R1257,Vikas,Satish,2006,GNRL,M,D,Hisar,11th,93,56,35,3,32,219,43.8
11223259,R1258,Pooja,Ramesh,2006,SC,F,B,Gurgaon,9th,6,84,4,66,30,190,38.0
11223260,R1259,Neha,Dinesh,2006,SC,M,C,Ambala,11th,19,45,89,57,78,288,57.6
11223261,R1260,Vikas,Prakash,2008,OBC,M,B,Gurgaon,7th,60,28,31,75,46,240,48.0
11223262,R1261,Aman,Prakash,2009,GNRL,M,D,Kurukshetra,9th,8,60,27,76,2,173,34.6
11223263,R1262,Deepak,Suresh,2002,GNRL,F,C,Panipat,6th,7,95,88,60,100,350,70.0
11223264,R1263,Neha,Mukesh,2003,GNRL,M,A,Karnal,11th,26,45,28,12,85,196,39.2
11223265,R1264,Deepak,Mukesh,2009,OBC,M,B,Gurgaon,8th,68,71,69,91,39,338,67.6
11223266,R1265,Mohit,Satish,2003,GNRL,M,B,Faridabad,11th,61,7,81,60,84,293,58.6
11223267,R1266,Neha,Satish,2005,OBC,F,A,Panipat,7th,92,95,50,40,33,310,62.0
11223268,R1267,Kamal,Satish,2009,OBC,F,D,Sonipat,8th,89,62,62,10,44,267,53.4
11223270,R1269,Anjali,Satish,2003,GNRL,F,A,Kurukshetra,11th,64,20,10,97,3,194,38.8
11223271,R1270,Suman,Rajesh,2003,SC,M,D,Ambala,9th,62,45,47,96,86,336,67.2
11223272,R1271,Pooja,Dinesh,2000,BC,F,A,Sonipat,12th,42,23,5,66,26,162,32.4
11223273,R1272,Ravi,Mukesh,2003,OBC,F,C,Panipat,7th,94,26,84,88,67,359,71.8
11223274,R1273,Vikas,Mahesh,2006,GNRL,F,D,Ambala,12th,24,44,89,86,16,259,51.8
11223275,R1274,Neha,Suresh,2003,OBC,M,C,Rohtak,12th,41,53,85,59,94,332,66.4
11223276,R1275,Deepak,Satish,2000,GNRL,F,A,Gurgaon,7th,33,76,77,72,50,308,61.6
11223277,R1276,Ravi,Mahesh,2007,OBC,F,D,Rohtak,11th,0,46,64,14,65,189,37.8
11223279,R1278,Deepak,Lokesh,2003,OBC,M,D,Hisar,12th,34,31,43,9,75,192,38.4
11223280,R1279,Vikas,Dinesh,2000,OBC,F,D,Rohtak,9th,99,41,86,84,82,392,78.4
11223281,R1280,Pooja,Prakash,2007,SC,F,C,Ambala,12th,46,65,89,14,64,278,55.6
11223282,R1281,Kamal,Ramesh,2001,GNRL,F,A,Kurukshetra,9th,46,41,27,26,43,183,36.6
11223283,R1282,Vikas,Ramesh,2000,BC,M,D,Gurgaon,12th,11,97,12,37,49,206,41.2
11223284,R1283,Kamal,Lokesh,2002,SC,M,C,Karnal,7th,40,100,88,61,93,382,76.4
11223285,R1284,Suman,Naresh,2003,OBC,M,D,Gurgaon,11th,74,18,21,50,23,186,37.2
11223286,R1285,Pooja,Ramesh,2006,BC,F,A,Sonipat,11th,31,8,25,78,78,220,44.0
11223287,R1286,Vikas,Lokesh,2006,GNRL,M,B,Rohtak,11th,57,94,91,1,71,314,62.8
11223288,R1287,Mohit,Ramesh,2004,OBC,F,C,Hisar,7th,85,4,94,33,44,260,52.0
11223289,R1288,Kamal,Mahesh,2007,OBC,F,A,Jhajjar,6th,67,48,18,83,35,251,50.2
11223290,R1289,Anjali,Rajesh,2000,OBC,M,D,Hisar,6th,51,41,37,77,64,270,54.0
11223291,R1290,Anjali,Prakash,2003,OBC,F,A,Hisar,7th,74,36,79,91,1,281,56.2
11223292,R1291,Anjali,Prakash,2008,SC,F,A,Faridabad,6th,79,64,31,69,72,315,63.0
11223293,R1292,Ravi,Mukesh,2009,OBC,F,D,Jhajjar,7th,43,68,27,93,66,297,59.4
11223295,R1294,Anjali,Lokesh,2009,SC,F,B,Ambala,12th,86,3,9,86,63,247,49.4
11223296,R1295,Pooja,Lokesh,2006,GNRL,M,D,Hisar,8th,2,62,35,62,78,239,47.8
11223297,R1296,Vikas,Satish,2005,GNRL,F,A,Panipat,7th,99,36,66,75,18,294,58.8
11223298,R1297,Kamal,Dinesh,2008,OBC,M,D,Ambala,6th,24,77,27,77,65,270,54.0
11223299,R1298,Mohit,Prakash,2007,SC,M,D,Ambala,7th,46,0,50,15,8,119,23.8
11223300,R1299,Suman,Ramesh,2004,OBC,M,B,Faridabad,9th,42,72,44,4,7,169,33.8
11223301,R1300,Ravi,Lokesh,2001,BC,M,A,Faridabad,11th,1,79,91,51,43,265,53.0
11223302,R1301,Deepak,Naresh,2009,BC,F,C,Jhajjar,8th,44,82,60,67,79,332,66.4
11223303,R1302,Neha,Suresh,2009,GNRL,F,D,Faridabad,8th,79,63,90,83,16,331,66.2
11223304,R1303,Anjali,Mukesh,2003,GNRL,M,A,Gurgaon,12th,27,90,10,91,12,230,46.0
11223305,R1304,Vikas,Prakash,2001,OBC,M,A,Faridabad,9th,79,17,7,60,72,235,47.0
11223306,R1305,Neha,Suresh,2005,OBC,M,B,Panipat,6th,25,9,27,89,39,189,37.8
11223307,R1306,Deepak,Mukesh,2003,GNRL,M,C,Gurgaon,8th,9,8,38,81,30,166,33.2
11223308,R1307,Vikas,Suresh,2008,SC,M,A,Jhajjar,9th,82,13,34,55,43,227,45.4
11223309,R1308,Anjali,Mukesh,2008,BC,F,C,Sonipat,7th,8,88,8,25,82,211,42.2
11223310,R1309,Anjali,Satish,2004,BC,F,A,Sonipat,9th,18,67,1,48,44,178,35.6
11223311,R1310,Kamal,Dinesh,2001,OBC,F,B,Ambala,11th,87,68,0,6,86,247,49.4
11223313,R1312,Anjali,Lokesh,2003,SC,M,B,Jhajjar,6th,65,21,59,91,1,237,47.4
11223314,R1313,Suman,Prakash,2008,OBC,M,C,Sonipat,9th,58,62,10,15,94,239,47.8
11223315,R1314,Neha,Mukesh,2002,SC,F,D,Hisar,8th,27,60,45,51,79,262,52.4
11223316,R1315,Neha,Mahesh,2003,SC,F,B,Faridabad,7th,90,98,2,62,92,344,68.8
11223317,R1316,Neha,Satish,2006,GNRL,F,A,Sonipat,7th,66,14,77,17,1,175,35.0
11223318,R1317,Deepak,Ramesh,2000,GNRL,M,D,Faridabad,6th,42,93,22,58,70,285,57.0
11223319,R1318,Neha,Prakash,2007,GNRL,M,A,Gurgaon,12th,56,5,6,34,12,113,22.6
11223320,R1319,Ravi,Mahesh,2004,OBC,F,A,Jhajjar,6th,70,84,10,91,67,322,64.4
11223321,R1320,Kamal,Ramesh,2005,BC,M,D,Hisar,9th,66,32,69,61,21,249,49.8
11223322,R1321,Vikas,Satish,2000,BC,F,C,Karnal,8th,35,17,82,67,91,292,58.4
11223323,R1322,Neha,Suresh,2002,SC,F,A,Rohtak,6th,25,6,27,91,9,158,31.6
11223324,R1323,Ravi,Suresh,2002,SC,M,C,Sonipat,11th,83,88,20,25,85,301,60.2
11223325,R1324,Pooja,Prakash,2009,BC,M,C,Gurgaon,9th,17,75,87,64,44,287,57.4
11223327,R1326,Mohit,Ramesh,2006,SC,F,C,Ambala,12th,60,22,29,39,25,175,35.0
11223328,R1327,Mohit,Rajesh,2007,OBC,M,B,Jhajjar,8th,22,31,11,11,9,84,16.8
11223329,R1328,Mohit,Naresh,2003,SC,F,C,Panipat,7th,64,89,70,78,69,370,74.0
11223330,R1329,Suman,Suresh,2006,SC,M,D,Karnal,7th,23,34,77,0,70,204,40.8
11223331,R1330,Vikas,Lokesh,2005,GNRL,F,D,Hisar,12th,48,30,62,50,84,274,54.8
11223332,R1331,Pooja,Lokesh,2009,BC,M,A,Karnal,8th,64,60,94,76,88,382,76.4
11223333,R1332,Neha,Suresh,2003,SC,M,A,Panipat,11th,0,53,75,96,6,230,46.0
11223334,R1333,Pooja,Satish,2000,BC,F,D,Faridabad,8th,4,96,62,53,51,266,53.2
11223335,R1334,Neha,Dinesh,2000,OBC,F,C,Ambala,9th,35,83,4,78,48,248,49.6
11223336,R1335,Deepak,Prakash,2004,SC,M,D,Rohtak,9th,38,39,81,50,55,263,52.6
11223337,R1336,Mohit,Mahesh,2004,SC,M,A,Jhajjar,6th,64,59,27,43,65,258,51.6
11223338,R1337,Mohit,Prakash,2005,BC,F,C,Karnal,7th,12,25,25,34,85,181,36.2
11223340,R1339,Anjali,Satish,2002,GNRL,F,B,Sonipat,9th,60,71,76,39,24,270,54.0
11223341,R1340,Suman,Prakash,2008,BC,F,B,Jhajjar,7th,4,52,46,76,93,271,54.2
11223342,R1341,Suman,Prakash,2001,BC,F,A,Hisar,9th,96,50,87,17,72,322,64.4
11223343,R1342,Mohit,Lokesh,2007,OBC,M,A,Hisar,8th,15,94,0,62,92,263,52.6
11223344,R1343,Anjali,Dinesh,2004,SC,M,B,Faridabad,12th,12,61,30,20,16,139,27.8
11223345,R1344,Ravi,Ramesh,2003,OBC,F,C,Kurukshetra,7th,25,74,15,99,83,296,59.2
11223346,R1345,Anjali,Lokesh,2009,OBC,F,A,Faridabad,12th,95,7,71,28,9,210,42.0
11223347,R1346,Vikas,Ramesh,2007,GNRL,F,B,Gurgaon,12th,87,44,36,98,58,323,64.6
11223348,R1347,Pooja,Prakash,2008,BC,M,B,Karnal,9th,9,98,87,71,15,280,56.0
11223349,R1348,Vikas,Ramesh,2008,SC,F,D,Kurukshetra,6th,85,62,52,37,49,285,57.0
11223350,R1349,Mohit,Dinesh,2008,OBC,M,C,Faridabad,9th,48,91,39,41,17,236,47.2
11223351,R1350,Anjali,Suresh,2009,OBC,F,B,Karnal,6th,51,92,58,75,26,302,60.4
11223352,R1351,Pooja,Suresh,2000,SC,M,D,Sonipat,12th,93,54,58,41,53,299,59.8
11223353,R1352,Mohit,Ramesh,2004,SC,F,B,Sonipat,9th,98,9,9,54,38,208,41.6
11223354,R1353,Kamal,Naresh,2009,BC,F,C,Sonipat,9th,53,48,9,86,67,263,52.6
11223355,R1354,Neha,Lokesh,2002,OBC,M,D,Jhajjar,12th,47,41,23,32,69,212,42.4
11223356,R1355,Kamal,Satish,2000,SC,M,B,Gurgaon,11th,14,52,49,81,76,272,54.4
11223357,R1356,Suman,Rajesh,2007,BC,M,A,Rohtak,9th,32,92,42,43,20,229,45.8
11223358,R1357,Kamal,Naresh,2006,BC,M,D,Ambala,6th,58,27,75,94,60,314,62.8
11223359,R1358,Pooja,Dinesh,2004,OBC,M,C,Rohtak,7th,44,71,33,5,3,156,31.2
11223361,R1360,Kamal,Mahesh,2008,SC,M,C,Ambala,12th,4,10,91,62,33,200,40.0
11223362,R1361,Pooja,Naresh,2004,BC,F,B,Faridabad,11th,66,66,61,81,13,287,57.4
11223363,R1362,Suman,Rajesh,2001,OBC,M,D,Faridabad,6th,38,67,49,80,66,300,60.0
11223364,R1363,Anjali,Naresh,2004,OBC,M,C,Rohtak,9th,71,14,41,8,63,197,39.4
11223365,R1364,Ravi,Prakash,2001,GNRL,M,C,Karnal,8th,74,54,94,82,78,382,76.4
11223366,R1365,Vikas,Rajesh,2008,BC,F,B,Hisar,6th,18,50,90,9,92,259,51.8
11223367,R1366,Mohit,Mahesh,2004,GNRL,M,D,Rohtak,7th,37,70,6,59,14,186,37.2
11223368,R1367,Pooja,Ramesh,2001,BC,M,A,Rohtak,7th,56,73,40,66,87,322,64.4
11223369,R1368,Vikas,Ramesh,2008,SC,F,A,Faridabad,9th,28,2,55,86,6,177,35.4
11223370,R1369,Pooja,Naresh,2000,BC,F,D,Kurukshetra,6th,33,82,98,82,0,295,59.0
11223371,R1370,Ravi,Mahesh,2006,SC,M,A,Faridabad,8th,11,7,50,67,7,142,28.4
11223372,R1371,Mohit,Lokesh,2009,GNRL,M,B,Faridabad,6th,69,93,39,82,59,342,68.4
11223373,R1372,Deepak,Suresh,2004,BC,M,D,Rohtak,11th,53,33,74,71,12,243,48.6
11223374,R1373,Suman,Lokesh,2004,GNRL,M,B,Faridabad,11th,39,24,51,30,51,195,39.0
11223375,R1374,Vikas,Dinesh,2008,OBC,F,A,Ambala,6th,43,13,81,54,54,245,49.0
11223376,R1375,Vikas,Prakash,2006,SC,F,B,Jhajjar,7th,75,100,86,49,20,330,66.0
11223377,R1376,Suman,Dinesh,2000,SC,F,B,Faridabad,11th,58,63,76,36,78,311,62.2
11223378,R1377,Neha,Prakash,2001,OBC,F,D,Jhajjar,6th,89,14,51,0,73,227,45.4
11223379,R1378,Suman,Prakash,2006,OBC,M,B,Sonipat,11th,5,87,10,6,10,118,23.6
11223380,R1379,Anjali,Mahesh,2001,OBC,F,C,Ambala,6th,28,62,3,48,9,150,30.0
11223381,R1380,Aman,Mukesh,2007,GNRL,F,C,Panipat,7th,79,70,79,91,41,360,72.0
11223382,R1381,Mohit,Lokesh,2004,BC,M,C,Ambala,7th,3,42,66,29,27,167,33.4
11223384,R1383,Aman,Dinesh,2009,BC,F,B,Hisar,12th,80,6,39,30,17,172,34.4
11223385,R1384,Anjali,Rajesh,2004,OBC,F,D,Faridabad,9th,67,14,94,3,24,202,40.4
11223386,R1385,Anjali,Rajesh,2005,BC,F,B,Hisar,8th,31,31,7,23,27,119,23.8
11223387,R1386,Aman,Naresh,2001,SC,F,D,Ambala,12th,93,15,2,44,6,160,32.0
11223388,R1387,Ravi,Suresh,2002,BC,M,A,Sonipat,8th,30,29,35,78,40,212,42.4
11223389,R1388,Pooja,Suresh,2003,OBC,M,D,Karnal,12th,26,59,66,38,82,271,54.2
11223391,R1390,Neha,Rajesh,2006,GNRL,M,A,Jhajjar,11th,100,69,42,15,29,255,51.0
11223392,R1391,Kamal,Mukesh,2006,GNRL,F,B,Ambala,12th,9,64,69,32,100,274,54.8
11223393,R1392,Aman,Rajesh,2005,GNRL,M,C,Ambala,11th,54,19,79,79,81,312,62.4
11223394,R1393,Aman,Lokesh,2003,OBC,F,B,Kurukshetra,8th,90,91,91,13,87,372,74.4
11223395,R1394,Kamal,Suresh,2008,GNRL,F,B,Sonipat,9th,49,27,51,9,98,234,46.8
11223396,R1395,Kamal,Satish,2009,GNRL,F,C,Rohtak,11th,78,51,27,44,2,202,40.4
11223397,R1396,Aman,Dinesh,2009,GNRL,F,C,Ambala,6th,80,38,79,27,97,321,64.2
11223398,R1397,Ravi,Suresh,2008,BC,F,D,Kurukshetra,9th,5,95,72,52,77,301,60.2
11223399,R1398,Ravi,Satish,2005,SC,F,B,Faridabad,11th,3,81,6,7,52,149,29.8
11223401,R1400,Kamal,Naresh,2000,GNRL,M,D,Sonipat,11th,15,10,28,33,52,138,27.6
11223402,R1401,Pooja,Lokesh,2009,SC,F,B,Faridabad,9th,62,57,79,46,78,322,64.4
11223403,R1402,Ravi,Suresh,2000,OBC,F,C,Sonipat,11th,23,31,59,78,42,233,46.6
11223405,R1404,Vikas,Prakash,2009,OBC,F,A,Rohtak,8th,99,72,53,86,67,377,75.4
11223406,R1405,Suman,Dinesh,2005,GNRL,M,C,Gurgaon,6th,30,79,59,80,72,320,64.0
11223407,R1406,Suman,Suresh,2000,SC,F,B,Ambala,9th,16,96,73,16,0,201,40.2
11223408,R1407,Kamal,Dinesh,2002,GNRL,F,B,Rohtak,12th,49,96,56,59,60,320,64.0
11223410,R1409,Vikas,Prakash,2005,SC,F,A,Ambala,6th,38,86,23,5,32,184,36.8
11223411,R1410,Aman,Prakash,2004,BC,F,B,Ambala,9th,42,99,37,33,25,236,47.2
11223412,R1411,Neha,Prakash,2008,OBC,F,B,Panipat,12th,92,14,91,2,94,293,58.6
11223413,R1412,Deepak,Satish,2009,OBC,M,C,Panipat,11th,55,83,87,82,75,382,76.4
11223414,R1413,Kamal,Mukesh,2007,GNRL,M,C,Gurgaon,8th,36,61,29,39,76,241,48.2
11223415,R1414,Aman,Suresh,2000,OBC,F,A,Karnal,12th,98,62,7,40,45,252,50.4
11223416,R1415,Vikas,Satish,2004,GNRL,M,D,Sonipat,8th,5,76,4,57,42,184,36.8
11223418,R1417,Suman,Ramesh,2003,BC,F,C,Jhajjar,6th,42,64,19,56,29,210,42.0
11223419,R1418,Pooja,Dinesh,2008,OBC,M,A,Panipat,6th,70,14,70,36,67,257,51.4
11223420,R1419,Deepak,Ramesh,2003,BC,M,C,Gurgaon,8th,78,56,89,20,1,244,48.8
11223421,R1420,Mohit,Prakash,2005,SC,M,B,Rohtak,11th,61,2,100,73,86,322,64.4
11223422,R1421,Ravi,Lokesh,2006,SC,M,D,Faridabad,12th,4,9,12,35,82,142,28.4
11223423,R1422,Anjali,Naresh,2005,BC,F,D,Faridabad,11th,67,28,93,90,0,278,55.6
11223424,R1423,Suman,Lokesh,2008,GNRL,F,C,Sonipat,9th,11,12,48,13,51,135,27.0
11223425,R1424,Ravi,Mahesh,2003,OBC,M,B,Panipat,8th,15,45,80,25,19,184,36.8
11223427,R1426,Neha,Rajesh,2008,SC,M,B,Sonipat,12th,88,56,64,11,11,230,46.0
11223430,R1429,Kamal,Dinesh,2007,GNRL,M,B,Sonipat,11th,100,15,16,43,57,231,46.2
11223431,R1430,Suman,Dinesh,2009,OBC,F,C,Kurukshetra,11th,66,57,64,31,35,253,50.6
11223432,R1431,Deepak,Suresh,2004,OBC,F,D,Jhajjar,6th,46,72,45,35,68,266,53.2
11223433,R1432,Vikas,Mahesh,2007,OBC,F,D,Sonipat,7th,85,52,56,91,72,356,71.2
11223434,R1433,Deepak,Lokesh,2008,SC,M,C,Kurukshetra,12th,57,21,24,72,89,263,52.6
11223435,R1434,Pooja,Naresh,2006,BC,F,A,Gurgaon,7th,30,18,21,10,48,127,25.4
11223436,R1435,Neha,Ramesh,2003,OBC,F,C,Kurukshetra,11th,40,87,45,58,41,271,54.2
11223437,R1436,Mohit,Dinesh,2006,BC,F,C,Hisar,11th,64,93,49,5,95,306,61.2
11223438,R1437,Aman,Mahesh,2006,GNRL,F,D,Jhajjar,11th,36,33,79,28,20,196,39.2
11223439,R1438,Pooja,Mahesh,2005,SC,F,C,Gurgaon,9th,31,66,56,96,69,318,63.6
11223440,R1439,Suman,Rajesh,2001,OBC,M,A,Sonipat,12th,57,52,83,16,60,268,53.6
11223441,R1440,Vikas,Suresh,2004,GNRL,F,B,Panipat,11th,14,44,90,38,12,198,39.6
11223442,R1441,Anjali,Lokesh,2009,OBC,F,B,Faridabad,12th,14,33,60,29,65,201,40.2
11223443,R1442,Anjali,Suresh,2008,OBC,M,A,Hisar,6th,87,78,12,62,92,331,66.2
11223444,R1443,Kamal,Mahesh,2000,SC,M,A,Karnal,8th,75,5,60,44,10,194,38.8
11223445,R1444,Pooja,Mukesh,2007,BC,M,D,Kurukshetra,12th,24,84,55,48,99,310,62.0
11223446,R1445,Anjali,Mukesh,2005,OBC,F,C,Rohtak,12th,73,96,86,81,72,408,81.6
11223448,R1447,Kamal,Ramesh,2002,BC,F,A,Sonipat,9th,96,3,45,4,28,176,35.2
11223449,R1448,Deepak,Prakash,2006,SC,F,B,Rohtak,12th,34,84,75,78,99,370,74.0
11223450,R1449,Vikas,Naresh,2005,SC,M,A,Faridabad,7th,91,64,52,24,19,250,50.0
11223451,R1450,Anjali,Ramesh,2007,GNRL,F,A,Kurukshetra,7th,46,69,43,33,63,254,50.8
11223452,R1451,Neha,Ramesh,2005,GNRL,M,D,Panipat,9th,88,42,88,42,5,265,53.0
11223453,R1452,Suman,Prakash,2004,GNRL,F,D,Kurukshetra,8th,60,8,13,78,95,254,50.8
11223454,R1453,Kamal,Mahesh,2006,GNRL,F,A,Kurukshetra,8th,29,86,82,78,5,280,56.0
11223455,R1454,Anjali,Satish,2008,SC,M,D,Hisar,7th,77,7,76,64,71,295,59.0
11223457,R1456,Kamal,Mahesh,2001,BC,F,B,Panipat,7th,74,50,26,83,54,287,57.4
11223458,R1457,Pooja,Mahesh,2004,SC,F,B,Gurgaon,12th,68,34,14,23,33,172,34.4
11223459,R1458,Neha,Ramesh,2004,BC,M,B,Jhajjar,9th,59,34,1,25,19,138,27.6
11223460,R1459,Kamal,Lokesh,2002,BC,M,A,Karnal,9th,51,40,92,89,71,343,68.6
11223461,R1460,Anjali,Satish,2006,GNRL,M,B,Faridabad,11th,87,65,89,0,11,252,50.4
11223462,R1461,Deepak,Rajesh,2000,GNRL,F,B,Sonipat,12th,73,2,95,54,1,225,45.0
11223463,R1462,Vikas,Ramesh,2007,BC,M,C,Kurukshetra,6th,50,1,8,3,3,65,13.0
11223464,R1463,Kamal,Ramesh,2004,BC,F,C,Kurukshetra,12th,80,81,52,59,55,327,65.4
11223465,R1464,Kamal,Lokesh,2005,BC,M,A,Faridabad,8th,84,40,48,47,6,225,45.0
11223466,R1465,Neha,Lokesh,2001,OBC,M,D,Panipat,11th,60,28,100,68,91,347,69.4
11223467,R1466,Mohit,Satish,2006,BC,M,A,Jhajjar,7th,40,22,95,15,15,187,37.4
11223468,R1467,Ravi,Lokesh,2003,BC,F,A,Panipat,6th,14,4,71,35,58,182,36.4
11223469,R1468,Ravi,Suresh,2007,GNRL,F,B,Karnal,12th,35,65,58,3,39,200,40.0
11223470,R1469,Neha,Ramesh,2001,OBC,F,B,Sonipat,12th,97,35,49,37,54,272,54.4
11223471,R1470,Ravi,Satish,2000,BC,M,C,Panipat,12th,24,74,1,51,29,179,35.8
11223472,R1471,Pooja,Mukesh,2009,SC,F,A,Ambala,8th,6,59,97,14,0,176,35.2
11223473,R1472,Anjali,Satish,2007,SC,F,D,Panipat,9th,81,78,49,22,36,266,53.2
11223474,R1473,Vikas,Prakash,2002,BC,M,A,Sonipat,11th,75,61,13,70,16,235,47.0
11223475,R1474,Anjali,Mahesh,2004,SC,M,C,Hisar,7th,35,100,77,34,9,255,51.0
11223476,R1475,Neha,Naresh,2001,SC,M,A,Faridabad,6th,19,84,30,61,62,256,51.2
11223477,R1476,Ravi,Prakash,2008,BC,M,D,Kurukshetra,11th,3,32,54,83,14,186,37.2
11223478,R1477,Anjali,Suresh,2000,GNRL,F,B,Karnal,11th,47,8,23,97,93,268,53.6
11223479,R1478,Anjali,Suresh,2003,GNRL,F,D,Karnal,11th,15,84,23,69,65,256,51.2
11223480,R1479,Mohit,Mukesh,2008,BC,M,A,Jhajjar,11th,34,23,6,45,4,112,22.4
11223481,R1480,Ravi,Ramesh,2006,GNRL,F,B,Rohtak,7th,53,99,33,62,35,282,56.4
11223482,R1481,Kamal,Mahesh,2000,OBC,M,C,Hisar,9th,10,74,43,99,2,228,45.6
11223483,R1482,Suman,Rajesh,2006,SC,M,D,Sonipat,9th,65,17,32,89,30,233,46.6
11223484,R1483,Vikas,Satish,2006,GNRL,F,D,Kurukshetra,12th,18,94,82,31,20,245,49.0
11223485,R1484,Mohit,Prakash,2007,BC,F,A,Kurukshetra,6th,62,30,67,30,62,251,50.2
11223486,R1485,Vikas,Suresh,2006,BC,F,C,Kurukshetra,9th,67,85,15,16,35,218,43.6
11223487,R1486,Deepak,Mukesh,2003,GNRL,F,D,Hisar,8th,54,86,1,58,72,271,54.2
11223488,R1487,Pooja,Mahesh,2003,OBC,M,B,Karnal,12th,64,26,84,27,18,219,43.8
11223489,R1488,Kamal,Suresh,2004,SC,F,B,Rohtak,11th,38,89,77,20,28,252,50.4
11223490,R1489,Suman,Ramesh,2007,GNRL,F,D,Rohtak,6th,50,76,54,33,28,241,48.2
11223491,R1490,Kamal,Naresh,2004,SC,M,D,Panipat,6th,52,12,30,20,50,164,32.8
11223493,R1492,Mohit,Suresh,2002,GNRL,M,A,Panipat,6th,2,21,79,7,10,119,23.8
11223495,R1494,Suman,Satish,2008,BC,F,C,Hisar,7th,46,46,86,18,67,263,52.6
11223496,R1495,Aman,Lokesh,2007,SC,M,B,Rohtak,11th,92,64,52,3,69,280,56.0
11223497,R1496,Suman,Suresh,2001,OBC,M,D,Gurgaon,9th,100,2,9,59,56,226,45.2
11223498,R1497,Mohit,Lokesh,2007,GNRL,M,D,Ambala,11th,43,95,94,39,42,313,62.6
11223500,R1499,Kamal,Naresh,2007,SC,M,B,Kurukshetra,6th,18,85,22,54,96,275,55.0
11223501,R1500,Mohit,Mukesh,2008,GNRL,F,C,Jhajjar,9th,74,64,58,94,20,310,62.0
11223502,R1501,Ravi,Satish,2009,GNRL,F,C,Rohtak,7th,96,40,20,35,74,265,53.0
11223503,R1502,Aman,Dinesh,2001,GNRL,F,A,Jhajjar,9th,55,41,17,80,22,215,43.0
11223504,R1503,Anjali,Suresh,2000,GNRL,F,A,Panipat,9th,68,55,21,25,79,248,49.6
11223505,R1504,Anjali,Mahesh,2000,GNRL,M,D,Hisar,11th,78,28,76,17,94,293,58.6
11223506,R1505,Ravi,Prakash,2006,GNRL,M,B,Gurgaon,6th,84,15,27,99,61,286,57.2
11223507,R1506,Ravi,Naresh,2006,OBC,M,D,Faridabad,12th,34,14,14,67,6,135,27.0
11223508,R1507,Anjali,Rajesh,2007,GNRL,F,B,Kurukshetra,9th,35,76,33,53,94,291,58.2
11223509,R1508,Vikas,Mukesh,2008,BC,M,D,Rohtak,7th,78,6,45,46,77,252,50.4
11223510,R1509,Suman,Ramesh,2003,SC,M,D,Kurukshetra,9th,68,49,21,62,31,231,46.2
11223511,R1510,Kamal,Suresh,2003,GNRL,M,A,Ambala,6th,78,92,11,94,65,340,68.0
11223512,R1511,Deepak,Rajesh,2004,SC,F,D,Ambala,8th,57,97,32,67,13,266,53.2
11223513,R1512,Kamal,Dinesh,2001,BC,M,B,Sonipat,11th,32,37,32,16,5,122,24.4
11223514,R1513,Mohit,Lokesh,2007,BC,M,B,Sonipat,8th,83,85,35,35,2,240,48.0
11223515,R1514,Neha,Satish,2007,GNRL,F,A,Faridabad,7th,96,85,6,27,19,233,46.6
11223517,R1516,Ravi,Dinesh,2000,OBC,F,A,Panipat,9th,67,43,96,37,2,245,49.0
11223519,R1518,Mohit,Rajesh,2004,GNRL,F,B,Rohtak,7th,68,44,59,51,21,243,48.6
11223520,R1519,Kamal,Mukesh,2004,BC,M,D,Ambala,9th,56,92,85,68,11,312,62.4
11223521,R1520,Kamal,Mukesh,2005,BC,F,B,Rohtak,7th,10,61,30,88,24,213,42.6
11223522,R1521,Vikas,Satish,2000,BC,F,B,Faridabad,8th,13,42,77,2,92,226,45.2
11223523,R1522,Ravi,Suresh,2006,GNRL,M,D,Hisar,6th,95,95,95,20,60,365,73.0
11223524,R1523,Kamal,Mahesh,2007,OBC,F,D,Rohtak,9th,33,39,81,49,76,278,55.6
11223525,R1524,Deepak,Ramesh,2007,BC,F,B,Panipat,11th,64,42,81,43,88,318,63.6
11223526,R1525,Aman,Suresh,2004,GNRL,M,A,Jhajjar,9th,52,21,59,21,9,162,32.4
11223527,R1526,Mohit,Satish,2009,OBC,F,A,Gurgaon,8th,32,40,42,16,25,155,31.0
11223528,R1527,Deepak,Naresh,2007,GNRL,M,D,Hisar,6th,95,92,89,17,9,302,60.4
11223529,R1528,Kamal,Suresh,2005,BC,F,B,Jhajjar,9th,6,97,58,28,48,237,47.4
11223530,R1529,Anjali,Mukesh,2001,OBC,F,B,Rohtak,8th,86,13,2,93,12,206,41.2
11223531,R1530,Kamal,Lokesh,2004,SC,F,C,Sonipat,6th,78,91,64,76,31,340,68.0
11223532,R1531,Ravi,Prakash,2000,SC,F,B,Sonipat,12th,48,87,56,51,41,283,56.6
11223533,R1532,Aman,Rajesh,2006,OBC,M,C,Gurgaon,8th,24,32,90,63,71,280,56.0
11223534,R1533,Anjali,Mahesh,2007,SC,F,D,Hisar,6th,52,57,4,62,7,182,36.4
11223536,R1535,Anjali,Prakash,2004,GNRL,F,B,Faridabad,7th,31,28,65,58,3,185,37.0
11223537,R1536,Aman,Naresh,2005,OBC,F,A,Panipat,6th,99,53,84,64,89,389,77.8
11223538,R1537,Mohit,Rajesh,2007,OBC,M,D,Sonipat,7th,14,68,28,14,96,220,44.0
11223539,R1538,Suman,Mahesh,2005,OBC,M,C,Hisar,12th,14,73,3,6,64,160,32.0
11223540,R1539,Suman,Mahesh,2003,OBC,M,A,Ambala,7th,85,80,61,66,66,358,71.6
11223541,R1540,Anjali,Mahesh,2004,BC,M,A,Panipat,6th,76,41,7,45,70,239,47.8
11223542,R1541,Mohit,Lokesh,2003,OBC,M,A,Faridabad,6th,1,40,44,43,71,199,39.8
11223543,R1542,Vikas,Prakash,2001,BC,F,C,Sonipat,9th,70,57,5,17,27,176,35.2
11223544,R1543,Ravi,Suresh,2006,GNRL,F,B,Hisar,6th,51,28,56,69,13,217,43.4
11223545,R1544,Vikas,Lokesh,2007,BC,F,A,Faridabad,11th,41,11,25,19,91,187,37.4
11223546,R1545,Aman,Mukesh,2009,OBC,M,D,Ambala,8th,73,32,12,20,3,140,28.0
11223548,R1547,Deepak,Prakash,2001,GNRL,M,B,Jhajjar,12th,0,82,21,19,62,184,36.8
11223549,R1548,Pooja,Mahesh,2009,SC,M,B,Gurgaon,9th,39,88,16,74,84,301,60.2
11223550,R1549,Neha,Mukesh,2003,SC,M,A,Sonipat,7th,31,68,6,25,15,145,29.0
11223551,R1550,Aman,Mahesh,2008,SC,M,C,Kurukshetra,6th,64,57,53,98,45,317,63.4
11223552,R1551,Pooja,Rajesh,2005,SC,M,D,Rohtak,12th,85,33,16,26,36,196,39.2
11223554,R1553,Aman,Rajesh,2009,GNRL,M,D,Gurgaon,7th,45,95,7,36,31,214,42.8
11223555,R1554,Mohit,Mahesh,2004,OBC,F,D,Gurgaon,12th,89,14,35,50,28,216,43.2
11223556,R1555,Pooja,Rajesh,2003,BC,F,B,Kurukshetra,6th,80,5,47,35,82,249,49.8
11223557,R1556,Neha,Mukesh,2008,OBC,M,B,Ambala,12th,55,22,20,4,21,122,24.4
11223558,R1557,Pooja,Suresh,2006,OBC,F,C,Rohtak,9th,100,94,53,72,97,416,83.2
11223559,R1558,Suman,Mahesh,2007,GNRL,F,B,Hisar,6th,42,12,89,55,76,274,54.8
11223560,R1559,Aman,Prakash,2007,GNRL,M,B,Sonipat,12th,7,0,87,13,32,139,27.8
11223561,R1560,Aman,Naresh,2003,OBC,M,D,Rohtak,7th,26,27,16,38,12,119,23.8
11223562,R1561,Suman,Lokesh,2007,OBC,F,D,Ambala,9th,8,45,49,64,64,230,46.0
11223563,R1562,Vikas,Mahesh,2008,OBC,M,C,Jhajjar,9th,74,5,64,14,7,164,32.8
11223564,R1563,Anjali,Rajesh,2000,OBC,F,D,Faridabad,7th,54,9,81,29,45,218,43.6
11223565,R1564,Suman,Suresh,2008,GNRL,M,B,Kurukshetra,12th,19,86,78,21,86,290,58.0
11223566,R1565,Pooja,Satish,2009,OBC,M,B,Jhajjar,9th,86,63,9,96,82,336,67.2
11223567,R1566,Kamal,Ramesh,2008,GNRL,F,A,Sonipat,8th,49,18,78,76,83,304,60.8
11223568,R1567,Neha,Ramesh,2008,BC,F,C,Karnal,7th,24,76,40,38,49,227,45.4
11223569,R1568,Neha,Mukesh,2007,OBC,F,D,Panipat,9th,68,14,30,37,26,175,35.0
11223570,R1569,Anjali,Naresh,2003,OBC,M,B,Kurukshetra,6th,52,36,91,72,66,317,63.4
11223571,R1570,Suman,Suresh,2008,SC,F,D,Ambala,11th,95,11,94,29,23,252,50.4
11223572,R1571,Neha,Naresh,2004,GNRL,M,B,Ambala,7th,9,12,77,14,12,124,24.8
11223573,R1572,Vikas,Ramesh,2005,GNRL,M,B,Karnal,8th,37,96,79,76,64,352,70.4
11223575,R1574,Pooja,Mukesh,2001,GNRL,F,B,Jhajjar,9th,84,41,96,65,2,288,57.6
11223576,R1575,Ravi,Satish,2005,OBC,M,C,Ambala,11th,3,67,84,39,92,285,57.0
11223578,R1577,Anjali,Prakash,2003,BC,M,A,Faridabad,6th,84,62,83,100,74,403,80.6
11223579,R1578,Mohit,Naresh,2007,GNRL,M,D,Faridabad,9th,38,10,7,4,11,70,14.0
11223580,R1579,Suman,Dinesh,2001,BC,M,B,Kurukshetra,8th,76,0,40,74,49,239,47.8
11223581,R1580,Kamal,Naresh,2008,BC,M,D,Ambala,7th,36,51,43,46,68,244,48.8
11223582,R1581,Anjali,Rajesh,2005,OBC,F,A,Ambala,9th,32,76,6,28,40,182,36.4
11223583,R1582,Suman,Lokesh,2009,GNRL,M,D,Hisar,8th,0,36,5,42,48,131,26.2
11223584,R1583,Deepak,Lokesh,2005,GNRL,F,A,Gurgaon,9th,46,67,100,43,12,268,53.6
11223585,R1584,Mohit,Mukesh,2005,OBC,F,D,Faridabad,12th,88,53,25,47,0,213,42.6
11223586,R1585,Deepak,Lokesh,2001,OBC,F,D,Ambala,6th,78,56,28,99,58,319,63.8
11223587,R1586,Aman,Mahesh,2006,BC,M,C,Rohtak,7th,57,42,24,66,14,203,40.6
11223588,R1587,Neha,Naresh,2004,OBC,F,C,Sonipat,7th,95,88,30,60,39,312,62.4
11223589,R1588,Mohit,Rajesh,2000,SC,M,B,Faridabad,7th,82,82,96,28,12,300,60.0
11223590,R1589,Anjali,Mahesh,2005,GNRL,M,B,Hisar,12th,64,6,98,76,35,279,55.8
11223591,R1590,Deepak,Naresh,2007,SC,F,B,Jhajjar,12th,57,47,69,16,38,227,45.4
11223592,R1591,Mohit,Satish,2009,BC,F,D,Faridabad,8th,82,57,38,72,76,325,65.0
11223593,R1592,Vikas,Lokesh,2006,GNRL,M,D,Karnal,6th,29,1,71,15,69,185,37.0
11223594,R1593,Neha,Suresh,2009,BC,F,C,Kurukshetra,6th,7,91,59,55,42,254,50.8
11223595,R1594,Pooja,Lokesh,2006,SC,M,D,Karnal,8th,90,72,63,3,79,307,61.4
11223596,R1595,Kamal,Dinesh,2007,OBC,M,B,Karnal,8th,41,72,30,85,95,323,64.6
11223597,R1596,Ravi,Naresh,2006,GNRL,F,A,Rohtak,6th,87,24,65,100,80,356,71.2
11223600,R1599,Aman,Mukesh,2000,BC,M,C,Panipat,6th,88,90,60,59,94,391,78.2
11223601,R1600,Suman,Mahesh,2006,OBC,F,D,Kurukshetra,12th,98,79,98,13,17,305,61.0
11223602,R1601,Ravi,Mukesh,2001,BC,M,A,Panipat,7th,96,64,23,27,73,283,56.6
11223603,R1602,Neha,Rajesh,2000,OBC,F,C,Gurgaon,12th,8,45,68,3,70,194,38.8
11223604,R1603,Mohit,Satish,2007,SC,M,B,Panipat,8th,3,61,72,82,76,294,58.8
11223605,R1604,Neha,Dinesh,2009,SC,M,B,Rohtak,11th,100,30,8,59,28,225,45.0
11223606,R1605,Suman,Mukesh,2004,OBC,M,C,Ambala,6th,77,7,26,15,47,172,34.4
11223607,R1606,Suman,Prakash,2009,OBC,F,C,Hisar,12th,68,94,1,76,78,317,63.4
11223608,R1607,Kamal,Prakash,2002,BC,M,B,Ambala,12th,67,48,12,81,89,297,59.4
11223609,R1608,Kamal,Dinesh,2008,OBC,M,B,Faridabad,11th,67,77,5,26,88,263,52.6
11223610,R1609,Neha,Suresh,2005,BC,M,B,Sonipat,6th,68,60,91,25,93,337,67.4
11223611,R1610,Pooja,Prakash,2009,SC,F,B,Kurukshetra,9th,86,87,14,28,0,215,43.0
11223612,R1611,Mohit,Suresh,2003,BC,M,C,Ambala,11th,46,64,65,1,44,220,44.0
11223613,R1612,Anjali,Dinesh,2003,BC,M,C,Jhajjar,6th,9,17,14,53,46,139,27.8
11223614,R1613,Anjali,Prakash,2000,GNRL,F,D,Karnal,6th,37,53,13,28,25,156,31.2
11223615,R1614,Suman,Lokesh,2007,OBC,F,C,Ambala,12th,19,8,2,16,18,63,12.6
11223616,R1615,Pooja,Rajesh,2007,BC,F,A,Faridabad,12th,17,56,88,91,84,336,67.2
11223617,R1616,Aman,Prakash,2006,SC,M,D,Panipat,9th,73,91,19,45,17,245,49.0
11223618,R1617,Kamal,Rajesh,2003,OBC,F,A,Faridabad,8th,34,49,17,25,95,220,44.0
11223619,R1618,Pooja,Suresh,2000,BC,M,C,Gurgaon,8th,7,92,100,7,23,229,45.8
11223620,R1619,Aman,Ramesh,2003,BC,M,C,Gurgaon,12th,2,49,37,34,98,220,44.0
11223621,R1620,Deepak,Dinesh,2006,GNRL,F,D,Jhajjar,9th,58,5,10,49,14,136,27.2
11223622,R1621,Kamal,Lokesh,2009,BC,F,A,Jhajjar,7th,13,67,59,97,4,240,48.0
11223623,R1622,Ravi,Rajesh,2004,BC,M,D,Karnal,12th,49,29,37,28,94,237,47.4
11223624,R1623,Anjali,Suresh,2005,GNRL,M,D,Sonipat,8th,75,88,66,37,77,343,68.6
11223625,R1624,Vikas,Rajesh,2008,SC,M,A,Ambala,9th,14,73,23,81,37,228,45.6
11223626,R1625,Neha,Suresh,2009,BC,F,C,Kurukshetra,12th,89,37,53,17,3,199,39.8
11223627,R1626,Aman,Prakash,2009,BC,M,C,Sonipat,7th,11,81,3,50,63,208,41.6
11223628,R1627,Deepak,Ramesh,2002,BC,M,C,Rohtak,9th,49,94,23,24,94,284,56.8
11223629,R1628,Neha,Ramesh,2009,BC,M,C,Jhajjar,8th,69,26,20,50,48,213,42.6
11223630,R1629,Anjali,Ramesh,2008,GNRL,M,D,Faridabad,8th,81,62,44,72,84,343,68.6
11223631,R1630,Deepak,Prakash,2007,GNRL,M,A,Panipat,6th,53,87,85,77,2,304,60.8
11223632,R1631,Pooja,Rajesh,2004,GNRL,M,B,Ambala,7th,61,19,74,37,100,291,58.2
11223633,R1632,Anjali,Prakash,2004,OBC,F,A,Karnal,6th,13,87,79,61,28,268,53.6
11223634,R1633,Deepak,Mukesh,2009,BC,F,A,Panipat,6th,62,78,51,54,31,276,55.2
11223635,R1634,Anjali,Mahesh,2000,GNRL,M,C,Kurukshetra,12th,30,10,52,31,47,170,34.0
11223636,R1635,Anjali,Ramesh,2002,OBC,F,B,Rohtak,7th,82,84,37,27,54,284,56.8
11223637,R1636,Aman,Mukesh,2007,GNRL,M,C,Faridabad,9th,23,26,79,96,55,279,55.8
11223638,R1637,Suman,Ramesh,2005,BC,F,C,Rohtak,9th,94,41,46,95,14,290,58.0
11223639,R1638,Kamal,Rajesh,2001,GNRL,F,B,Hisar,6th,84,21,81,75,62,323,64.6
11223640,R1639,Kamal,Naresh,2003,SC,F,D,Faridabad,7th,31,100,82,54,93,360,72.0
11223641,R1640,Aman,Dinesh,2004,BC,F,C,Jhajjar,6th,0,10,15,55,66,146,29.2
11223642,R1641,Ravi,Ramesh,2006,GNRL,M,C,Ambala,11th,54,50,80,71,58,313,62.6
11223643,R1642,Deepak,Dinesh,2003,SC,M,B,Faridabad,12th,88,2,39,43,87,259,51.8
11223644,R1643,Mohit,Naresh,2001,BC,M,D,Gurgaon,9th,48,24,55,75,98,300,60.0
11223645,R1644,Aman,Dinesh,2002,SC,M,C,Rohtak,8th,32,43,99,54,75,303,60.6
11223647,R1646,Aman,Ramesh,2004,BC,F,B,Rohtak,9th,1,97,96,36,75,305,61.0
11223648,R1647,Anjali,Satish,2007,SC,M,A,Panipat,12th,46,32,64,73,84,299,59.8
11223650,R1649,Neha,Mahesh,2000,SC,F,C,Panipat,12th,39,76,9,18,73,215,43.0
11223651,R1650,Vikas,Dinesh,2000,OBC,F,A,Jhajjar,9th,58,100,17,51,70,296,59.2
11223654,R1653,Ravi,Rajesh,2005,OBC,M,B,Hisar,12th,84,88,66,78,34,350,70.0
11223656,R1655,Suman,Ramesh,2007,OBC,F,C,Ambala,12th,5,62,12,23,85,187,37.4
11223657,R1656,Pooja,Rajesh,2007,OBC,F,B,Kurukshetra,11th,11,28,45,100,19,203,40.6
11223658,R1657,Suman,Lokesh,2007,OBC,F,A,Rohtak,11th,98,7,71,73,47,296,59.2
11223660,R1659,Vikas,Mukesh,2002,BC,F,B,Sonipat,9th,19,99,1,80,37,236,47.2
11223661,R1660,Deepak,Dinesh,2005,GNRL,F,A,Panipat,7th,22,100,58,64,90,334,66.8
11223662,R1661,Kamal,Mukesh,2001,GNRL,M,C,Panipat,7th,3,71,95,59,8,236,47.2
11223663,R1662,Kamal,Prakash,2005,OBC,F,A,Faridabad,12th,13,82,85,38,22,240,48.0
11223664,R1663,Anjali,Lokesh,2001,BC,F,A,Panipat,6th,18,9,33,31,66,157,31.4
11223665,R1664,Deepak,Mahesh,2009,SC,F,C,Hisar,7th,41,64,58,57,29,249,49.8
11223666,R1665,Aman,Ramesh,2006,BC,F,C,Kurukshetra,11th,74,16,69,34,40,233,46.6
11223667,R1666,Pooja,Naresh,2005,SC,F,B,Ambala,12th,95,26,41,85,0,247,49.4
11223668,R1667,Ravi,Lokesh,2005,GNRL,F,A,Hisar,11th,41,91,69,54,60,315,63.0
11223669,R1668,Pooja,Rajesh,2004,SC,F,B,Rohtak,11th,70,39,37,26,89,261,52.2
11223670,R1669,Deepak,Ramesh,2009,BC,M,C,Gurgaon,7th,79,73,49,49,85,335,67.0
11223671,R1670,Suman,Ramesh,2005,SC,F,A,Karnal,6th,21,13,79,68,9,190,38.0
11223672,R1671,Kamal,Satish,2003,GNRL,F,B,Faridabad,6th,9,79,38,97,52,275,55.0
11223673,R1672,Anjali,Suresh,2005,GNRL,M,D,Jhajjar,8th,9,51,18,51,55,184,36.8
11223674,R1673,Kamal,Lokesh,2002,BC,F,B,Panipat,11th,89,62,41,19,63,274,54.8
11223675,R1674,Pooja,Satish,2001,SC,M,C,Faridabad,11th,44,8,43,1,25,121,24.2
11223676,R1675,Neha,Mukesh,2008,OBC,M,A,Faridabad,11th,63,60,90,55,76,344,68.8
11223677,R1676,Mohit,Mukesh,2002,BC,M,D,Hisar,9th,22,16,2,7,3,50,10.0
11223679,R1678,Aman,Prakash,2006,OBC,M,C,Rohtak,7th,74,64,45,97,79,359,71.8
11223680,R1679,Anjali,Mahesh,2004,OBC,M,D,Jhajjar,12th,49,6,82,47,23,207,41.4
11223682,R1681,Suman,Rajesh,2005,GNRL,M,B,Gurgaon,8th,30,55,41,58,48,232,46.4
11223683,R1682,Kamal,Mahesh,2000,OBC,M,A,Hisar,6th,20,13,23,39,21,116,23.2
11223684,R1683,Pooja,Lokesh,2005,GNRL,M,A,Kurukshetra,7th,93,18,37,65,96,309,61.8
11223685,R1684,Ravi,Mahesh,2005,SC,M,A,Hisar,6th,50,69,59,71,59,308,61.6
11223686,R1685,Vikas,Satish,2005,BC,F,D,Karnal,12th,61,38,0,13,50,162,32.4
11223687,R1686,Kamal,Rajesh,2000,GNRL,F,B,Jhajjar,7th,21,20,56,70,73,240,48.0
11223688,R1687,Vikas,Naresh,2007,GNRL,F,B,Rohtak,11th,40,83,79,37,97,336,67.2
11223689,R1688,Mohit,Lokesh,2003,BC,F,D,Faridabad,7th,61,21,74,100,61,317,63.4
11223690,R1689,Vikas,Rajesh,2003,BC,F,A,Kurukshetra,7th,56,50,83,70,72,331,66.2
11223691,R1690,Aman,Ramesh,2006,GNRL,F,B,Panipat,7th,0,22,63,68,85,238,47.6
11223692,R1691,Ravi,Lokesh,2005,GNRL,M,B,Panipat,7th,65,97,89,98,31,380,76.0
11223693,R1692,Mohit,Lokesh,2005,BC,M,B,Hisar,8th,49,20,17,72,70,228,45.6
11223694,R1693,Mohit,Naresh,2000,SC,F,D,Gurgaon,9th,70,14,23,44,22,173,34.6
11223695,R1694,Kamal,Lokesh,2003,GNRL,M,D,Rohtak,11th,34,74,97,85,92,382,76.4
11223696,R1695,Vikas,Satish,2002,BC,F,B,Hisar,7th,63,42,58,72,42,277,55.4
11223697,R1696,Anjali,Rajesh,2006,SC,F,C,Kurukshetra,12th,30,68,20,98,64,280,56.0
11223698,R1697,Pooja,Mahesh,2006,SC,F,D,Kurukshetra,11th,28,60,41,89,61,279,55.8
11223699,R1698,Aman,Naresh,2008,OBC,F,D,Ambala,6th,4,30,63,38,43,178,35.6
11223700,R1699,Aman,Suresh,2007,GNRL,F,D,Jhajjar,7th,97,32,63,65,80,337,67.4
11223701,R1700,Deepak,Rajesh,2009,BC,M,D,Jhajjar,11th,27,40,2,32,79,180,36.0
11223703,R1702,Ravi,Ramesh,2009,GNRL,F,B,Hisar,12th,31,40,78,74,29,252,50.4
11223704,R1703,Suman,Mukesh,2009,SC,F,B,Sonipat,7th,49,87,17,52,12,217,43.4
11223705,R1704,Kamal,Mukesh,2000,BC,F,D,Ambala,11th,55,4,67,39,21,186,37.2
11223706,R1705,Pooja,Rajesh,2005,GNRL,F,D,Ambala,7th,67,67,26,21,46,227,45.4
11223708,R1707,Aman,Lokesh,2001,GNRL,M,A,Hisar,7th,48,60,30,81,92,311,62.2
11223709,R1708,Aman,Rajesh,2004,GNRL,F,A,Hisar,11th,73,13,1,69,48,204,40.8
11223710,R1709,Deepak,Mahesh,2001,SC,F,C,Faridabad,12th,89,98,40,62,87,376,75.2
11223711,R1710,Ravi,Prakash,2001,GNRL,M,D,Karnal,6th,56,16,29,46,51,198,39.6
11223712,R1711,Pooja,Mukesh,2009,BC,F,B,Karnal,7th,5,16,79,83,7,190,38.0
11223713,R1712,Suman,Lokesh,2002,OBC,M,B,Jhajjar,11th,75,36,50,25,86,272,54.4
11223714,R1713,Pooja,Ramesh,2008,OBC,M,D,Faridabad,9th,84,32,85,83,23,307,61.4
11223715,R1714,Aman,Mahesh,2005,GNRL,F,B,Gurgaon,6th,75,15,86,16,36,228,45.6
11223716,R1715,Mohit,Mahesh,2006,BC,F,A,Karnal,9th,83,99,79,46,80,387,77.4
11223717,R1716,Mohit,Satish,2008,SC,M,A,Hisar,12th,50,7,67,41,18,183,36.6
11223719,R1718,Aman,Mahesh,2003,GNRL,F,D,Sonipat,9th,41,74,7,96,94,312,62.4
11223720,R1719,Anjali,Naresh,2001,BC,M,D,Gurgaon,11th,87,47,55,31,29,249,49.8
11223721,R1720,Ravi,Rajesh,2004,OBC,F,B,Karnal,9th,100,54,41,44,75,314,62.8
11223723,R1722,Anjali,Mahesh,2003,OBC,M,B,Rohtak,7th,12,51,100,38,30,231,46.2
11223724,R1723,Suman,Ramesh,2005,GNRL,F,D,Sonipat,12th,30,28,40,65,0,163,32.6
11223725,R1724,Mohit,Mukesh,2002,BC,F,C,Jhajjar,7th,83,34,69,77,87,350,70.0
11223726,R1725,Deepak,Ramesh,2003,OBC,F,C,Faridabad,6th,0,24,0,25,66,115,23.0
11223727,R1726,Ravi,Ramesh,2005,OBC,M,D,Panipat,7th,38,16,53,64,35,206,41.2
11223728,R1727,Mohit,Rajesh,2009,OBC,M,D,Sonipat,8th,47,83,62,93,42,327,65.4
11223729,R1728,Ravi,Suresh,2007,OBC,F,B,Jhajjar,6th,4,97,60,43,38,242,48.4
11223730,R1729,Pooja,Rajesh,2001,SC,F,A,Kurukshetra,8th,30,16,78,49,79,252,50.4
11223731,R1730,Pooja,Suresh,2009,BC,F,D,Hisar,12th,46,73,76,77,35,307,61.4
11223732,R1731,Aman,Dinesh,2000,BC,F,D,Rohtak,12th,19,52,97,97,41,306,61.2
11223733,R1732,Deepak,Prakash,2004,SC,M,B,Faridabad,6th,91,32,7,62,85,277,55.4
11223734,R1733,Suman,Mukesh,2007,OBC,M,B,Rohtak,11th,10,34,90,78,25,237,47.4
11223735,R1734,Suman,Naresh,2001,OBC,F,B,Gurgaon,6th,7,53,16,79,43,198,39.6
11223736,R1735,Suman,Naresh,2006,GNRL,F,C,Gurgaon,6th,11,31,79,76,2,199,39.8
11223738,R1737,Anjali,Prakash,2003,SC,M,A,Hisar,7th,17,42,99,37,52,247,49.4
11223739,R1738,Mohit,Mukesh,2009,BC,F,C,Faridabad,9th,78,43,85,74,59,339,67.8
11223740,R1739,Vikas,Naresh,2005,OBC,F,A,Ambala,12th,87,66,47,26,85,311,62.2
11223741,R1740,Anjali,Naresh,2003,GNRL,M,D,Sonipat,11th,54,86,98,24,23,285,57.0
11223742,R1741,Vikas,Mukesh,2009,SC,F,B,Rohtak,9th,51,63,52,85,15,266,53.2
11223743,R1742,Kamal,Mukesh,2004,BC,M,B,Rohtak,12th,49,15,93,98,28,283,56.6
11223744,R1743,Suman,Prakash,2000,SC,M,C,Hisar,11th,87,88,96,54,25,350,70.0
11223746,R1745,Suman,Naresh,2003,OBC,F,A,Ambala,8th,20,33,19,64,53,189,37.8
11223747,R1746,Pooja,Mukesh,2004,BC,F,B,Jhajjar,12th,31,87,99,98,57,372,74.4
11223748,R1747,Vikas,Ramesh,2004,BC,M,A,Karnal,9th,6,92,71,31,16,216,43.2
11223749,R1748,Anjali,Ramesh,2003,GNRL,M,D,Faridabad,7th,21,78,68,90,62,319,63.8
11223750,R1749,Vikas,Satish,2006,SC,F,A,Rohtak,11th,65,78,92,38,76,349,69.8
11223751,R1750,Suman,Suresh,2000,OBC,F,B,Rohtak,6th,71,48,28,5,94,246,49.2
11223752,R1751,Deepak,Dinesh,2009,GNRL,M,C,Ambala,8th,54,98,8,97,61,318,63.6
11223753,R1752,Suman,Mukesh,2008,GNRL,F,D,Faridabad,7th,84,72,21,9,2,188,37.6
11223754,R1753,Anjali,Satish,2005,SC,M,B,Karnal,6th,73,62,66,52,74,327,65.4
11223755,R1754,Deepak,Prakash,2005,OBC,F,A,Rohtak,6th,35,56,96,84,14,285,57.0
11223756,R1755,Deepak,Satish,2005,OBC,F,C,Sonipat,11th,79,35,92,25,29,260,52.0
11223757,R1756,Ravi,Mahesh,2002,SC,M,B,Kurukshetra,8th,63,17,73,84,98,335,67.0
11223758,R1757,Ravi,Mahesh,2006,BC,M,A,Gurgaon,8th,5,66,60,21,97,249,49.8
11223759,R1758,Mohit,Satish,2009,SC,M,D,Kurukshetra,12th,13,45,49,71,26,204,40.8
11223761,R1760,Deepak,Mahesh,2000,GNRL,F,D,Hisar,8th,38,26,39,24,59,186,37.2
11223762,R1761,Deepak,Dinesh,2005,GNRL,F,D,Ambala,11th,10,71,1,9,49,140,28.0
11223763,R1762,Aman,Satish,2001,OBC,F,C,Gurgaon,12th,89,2,7,42,31,171,34.2
11223764,R1763,Anjali,Satish,2007,GNRL,F,B,Kurukshetra,7th,54,43,63,79,59,298,59.6
11223765,R1764,Suman,Naresh,2000,SC,F,D,Sonipat,6th,52,8,62,79,23,224,44.8
11223766,R1765,Neha,Mahesh,2001,GNRL,M,C,Rohtak,11th,78,39,84,38,47,286,57.2
11223767,R1766,Ravi,Dinesh,2001,BC,F,B,Faridabad,9th,86,65,12,97,75,335,67.0
11223768,R1767,Anjali,Rajesh,2003,OBC,M,B,Hisar,12th,83,39,3,53,49,227,45.4
11223770,R1769,Deepak,Dinesh,2008,SC,F,D,Panipat,6th,35,18,34,22,67,176,35.2
11223771,R1770,Suman,Dinesh,2009,GNRL,M,A,Kurukshetra,7th,9,41,64,57,61,232,46.4
11223773,R1772,Vikas,Suresh,2004,OBC,M,C,Sonipat,12th,25,76,60,11,28,200,40.0
11223774,R1773,Deepak,Mukesh,2002,OBC,F,A,Jhajjar,8th,16,65,51,46,61,239,47.8
11223775,R1774,Suman,Naresh,2001,SC,M,A,Ambala,12th,90,29,58,2,14,193,38.6
11223776,R1775,Mohit,Naresh,2008,SC,F,D,Panipat,6th,41,5,36,5,52,139,27.8
11223777,R1776,Suman,Suresh,2004,SC,M,C,Ambala,12th,0,36,36,13,49,134,26.8
11223778,R1777,Vikas,Rajesh,2000,SC,F,D,Karnal,6th,58,100,52,44,75,329,65.8
11223779,R1778,Aman,Ramesh,2001,BC,M,B,Panipat,11th,77,3,71,57,88,296,59.2
11223780,R1779,Mohit,Suresh,2004,BC,F,A,Jhajjar,7th,29,91,58,31,26,235,47.0
11223781,R1780,Anjali,Suresh,2006,GNRL,F,A,Panipat,11th,34,36,83,56,57,266,53.2
11223782,R1781,Vikas,Lokesh,2008,GNRL,F,B,Rohtak,7th,99,92,48,22,24,285,57.0
11223783,R1782,Aman,Satish,2009,SC,M,B,Gurgaon,6th,54,69,62,26,4,215,43.0
11223785,R1784,Aman,Suresh,2003,GNRL,M,A,Rohtak,11th,86,57,43,60,59,305,61.0
11223786,R1785,Vikas,Mahesh,2001,SC,F,B,Kurukshetra,8th,86,42,53,96,81,358,71.6
11223787,R1786,Suman,Mahesh,2003,OBC,F,D,Kurukshetra,7th,75,73,55,87,16,306,61.2
11223788,R1787,Deepak,Dinesh,2005,OBC,M,A,Panipat,7th,5,40,35,15,8,103,20.6
11223789,R1788,Ravi,Mukesh,2004,SC,F,B,Karnal,12th,50,16,36,74,96,272,54.4
11223790,R1789,Ravi,Mukesh,2006,BC,F,D,Ambala,12th,60,44,63,79,86,332,66.4
11223791,R1790,Mohit,Dinesh,2001,OBC,F,B,Hisar,8th,69,87,30,99,45,330,66.0
11223792,R1791,Pooja,Dinesh,2009,BC,F,A,Hisar,12th,86,55,13,42,65,261,52.2
11223793,R1792,Aman,Lokesh,2007,OBC,M,C,Kurukshetra,9th,49,84,100,99,41,373,74.6
11223794,R1793,Anjali,Prakash,2006,BC,F,D,Hisar,7th,10,8,6,36,19,79,15.8
11223795,R1794,Suman,Naresh,2009,BC,M,D,Panipat,7th,26,87,37,79,15,244,48.8
11223796,R1795,Ravi,Prakash,2009,BC,F,A,Karnal,7th,62,90,71,39,11,273,54.6
11223799,R1798,Deepak,Prakash,2002,OBC,F,B,Ambala,6th,22,31,73,31,64,221,44.2
11223800,R1799,Kamal,Satish,2006,SC,M,C,Ambala,12th,23,94,36,86,82,321,64.2
11223801,R1800,Mohit,Satish,2006,SC,M,A,Karnal,12th,20,24,90,53,11,198,39.6
11223802,R1801,Kamal,Mahesh,2007,SC,F,C,Jhajjar,11th,97,32,48,88,90,355,71.0
11223803,R1802,Deepak,Mahesh,2009,GNRL,F,D,Kurukshetra,8th,21,84,57,74,22,258,51.6
11223805,R1804,Aman,Mukesh,2005,GNRL,F,A,Jhajjar,8th,35,58,96,10,85,284,56.8
11223806,R1805,Ravi,Ramesh,2002,SC,F,A,Ambala,6th,90,27,35,88,38,278,55.6
11223807,R1806,Vikas,Mahesh,2007,OBC,M,B,Jhajjar,7th,87,9,90,84,17,287,57.4
11223808,R1807,Suman,Prakash,2005,GNRL,M,C,Gurgaon,7th,25,79,28,86,33,251,50.2
11223810,R1809,Suman,Rajesh,2009,BC,M,D,Jhajjar,12th,60,60,31,32,15,198,39.6
11223811,R1810,Anjali,Ramesh,2006,GNRL,F,C,Rohtak,11th,95,23,57,59,86,320,64.0
11223812,R1811,Anjali,Suresh,2003,OBC,F,A,Jhajjar,11th,100,68,80,3,12,263,52.6
11223813,R1812,Aman,Prakash,2002,OBC,F,D,Rohtak,12th,75,40,94,90,11,310,62.0
11223814,R1813,Suman,Naresh,2005,BC,M,B,Hisar,8th,39,39,32,50,25,185,37.0
11223815,R1814,Ravi,Mahesh,2009,BC,F,D,Ambala,7th,7,18,35,86,84,230,46.0
11223816,R1815,Aman,Dinesh,2008,GNRL,M,A,Rohtak,6th,62,63,61,45,1,232,46.4
11223817,R1816,Pooja,Lokesh,2009,SC,M,D,Sonipat,8th,20,18,91,75,98,302,60.4
11223818,R1817,Pooja,Suresh,2007,BC,F,C,Hisar,8th,23,86,45,0,40,194,38.8
11223819,R1818,Vikas,Ramesh,2008,SC,F,C,Rohtak,6th,17,98,33,69,9,226,45.2
11223820,R1819,Neha,Rajesh,2001,GNRL,F,C,Ambala,6th,79,95,64,77,80,395,79.0
11223821,R1820,Vikas,Prakash,2009,GNRL,M,B,Rohtak,9th,60,67,87,64,99,377,75.4
11223822,R1821,Aman,Naresh,2004,OBC,F,A,Sonipat,12th,27,92,54,75,93,341,68.2
11223823,R1822,Ravi,Suresh,2001,OBC,M,B,Karnal,11th,48,37,43,2,21,151,30.2
11223825,R1824,Suman,Lokesh,2009,GNRL,M,B,Ambala,11th,84,45,72,5,65,271,54.2
11223826,R1825,Mohit,Prakash,2000,GNRL,F,A,Hisar,6th,5,18,71,82,16,192,38.4
11223827,R1826,Vikas,Naresh,2007,GNRL,F,D,Panipat,7th,47,47,73,77,4,248,49.6
11223828,R1827,Ravi,Naresh,2002,GNRL,F,B,Gurgaon,6th,45,90,42,30,68,275,55.0
11223829,R1828,Kamal,Satish,2006,SC,M,B,Rohtak,8th,0,92,32,81,71,276,55.2
11223830,R1829,Anjali,Mukesh,2003,BC,M,B,Ambala,11th,61,44,18,99,60,282,56.4
11223831,R1830,Kamal,Mukesh,2008,BC,M,B,Kurukshetra,7th,58,86,42,70,66,322,64.4
11223832,R1831,Deepak,Rajesh,2003,OBC,F,B,Rohtak,11th,62,73,41,74,97,347,69.4
11223833,R1832,Deepak,Ramesh,2004,OBC,F,A,Karnal,6th,49,38,88,57,37,269,53.8
11223834,R1833,Suman,Rajesh,2004,OBC,F,A,Faridabad,11th,2,3,22,69,83,179,35.8
11223836,R1835,Kamal,Suresh,2003,BC,F,D,Gurgaon,11th,31,9,12,27,40,119,23.8
11223837,R1836,Anjali,Naresh,2002,OBC,M,B,Sonipat,9th,84,49,24,2,62,221,44.2
11223838,R1837,Ravi,Ramesh,2000,SC,F,D,Hisar,9th,84,3,77,67,19,250,50.0
11223840,R1839,Aman,Dinesh,2003,BC,F,A,Sonipat,8th,4,12,35,55,43,149,29.8
11223842,R1841,Deepak,Satish,2009,SC,M,D,Ambala,12th,17,67,88,3,1,176,35.2
11223843,R1842,Pooja,Ramesh,2004,BC,M,B,Jhajjar,9th,36,46,46,10,87,225,45.0
11223844,R1843,Pooja,Prakash,2000,BC,F,D,Jhajjar,8th,80,90,44,53,94,361,72.2
11223845,R1844,Suman,Mukesh,2006,SC,F,B,Hisar,8th,32,15,40,74,87,248,49.6
11223846,R1845,Kamal,Satish,2001,GNRL,M,C,Rohtak,9th,92,58,86,24,81,341,68.2
11223847,R1846,Vikas,Mukesh,2007,GNRL,F,B,Faridabad,7th,94,44,60,31,40,269,53.8
11223848,R1847,Vikas,Naresh,2008,OBC,F,B,Ambala,8th,63,72,85,15,33,268,53.6
11223849,R1848,Aman,Dinesh,2009,SC,F,B,Hisar,9th,4,75,15,55,9,158,31.6
11223850,R1849,Neha,Suresh,2002,GNRL,F,A,Panipat,6th,89,96,60,55,55,355,71.0
11223851,R1850,Anjali,Naresh,2009,GNRL,F,B,Jhajjar,8th,90,10,64,53,90,307,61.4
11223852,R1851,Neha,Ramesh,2004,SC,F,D,Hisar,11th,62,75,30,93,80,340,68.0
11223853,R1852,Deepak,Lokesh,2009,BC,M,B,Sonipat,7th,37,60,21,98,76,292,58.4
11223854,R1853,Mohit,Suresh,2007,SC,M,D,Faridabad,8th,62,29,17,10,3,121,24.2
11223855,R1854,Vikas,Satish,2002,SC,M,A,Faridabad,12th,72,96,31,49,72,320,64.0
11223856,R1855,Pooja,Mukesh,2002,OBC,F,D,Sonipat,6th,35,70,100,36,85,326,65.2
11223857,R1856,Neha,Ramesh,2001,SC,F,C,Hisar,6th,72,69,18,51,30,240,48.0
11223858,R1857,Kamal,Ramesh,2007,GNRL,F,D,Kurukshetra,11th,90,78,77,68,20,333,66.6
11223859,R1858,Pooja,Mukesh,2000,SC,M,D,Faridabad,12th,28,36,17,99,27,207,41.4
11223860,R1859,Mohit,Prakash,2007,GNRL,M,D,Hisar,9th,10,90,98,62,36,296,59.2
11223862,R1861,Vikas,Dinesh,2005,GNRL,M,B,Karnal,9th,11,97,8,55,22,193,38.6
11223863,R1862,Anjali,Dinesh,2008,SC,F,A,Hisar,12th,61,47,71,10,56,245,49.0
11223864,R1863,Mohit,Dinesh,2008,OBC,M,B,Faridabad,8th,88,0,14,16,54,172,34.4
11223865,R1864,Vikas,Mukesh,2004,GNRL,M,A,Hisar,6th,1,69,81,39,5,195,39.0
11223866,R1865,Anjali,Rajesh,2004,OBC,M,C,Jhajjar,7th,87,12,56,30,95,280,56.0
11223867,R1866,Neha,Lokesh,2002,OBC,M,C,Jhajjar,8th,45,42,61,69,40,257,51.4
11223868,R1867,Deepak,Mukesh,2002,BC,F,B,Rohtak,9th,63,4,26,26,50,169,33.8
11223869,R1868,Pooja,Mukesh,2006,SC,F,A,Hisar,9th,32,96,98,80,4,310,62.0
11223870,R1869,Ravi,Naresh,2009,BC,M,D,Jhajjar,12th,1,49,56,61,80,247,49.4
11223871,R1870,Pooja,Rajesh,2001,SC,F,C,Sonipat,8th,73,55,0,57,4,189,37.8
11223872,R1871,Vikas,Suresh,2003,OBC,M,A,Jhajjar,7th,83,33,54,67,98,335,67.0
11223873,R1872,Suman,Suresh,2005,GNRL,M,A,Panipat,8th,52,49,22,98,52,273,54.6
11223874,R1873,Mohit,Prakash,2006,SC,M,A,Sonipat,12th,13,41,4,92,93,243,48.6
11223875,R1874,Neha,Dinesh,2003,SC,M,B,Hisar,12th,72,4,64,74,47,261,52.2
11223876,R1875,Anjali,Dinesh,2005,OBC,F,C,Kurukshetra,11th,94,73,94,54,44,359,71.8
11223877,R1876,Neha,Suresh,2006,BC,F,C,Kurukshetra,8th,18,11,72,27,61,189,37.8
11223878,R1877,Neha,Rajesh,2004,BC,M,D,Panipat,6th,1,81,78,15,4,179,35.8
11223879,R1878,Neha,Satish,2003,GNRL,M,A,Rohtak,11th,48,61,58,72,62,301,60.2
11223880,R1879,Deepak,Naresh,2004,GNRL,M,C,Jhajjar,11th,44,12,48,96,83,283,56.6
11223881,R1880,Suman,Naresh,2003,BC,M,D,Faridabad,11th,99,76,20,36,19,250,50.0
11223883,R1882,Pooja,Prakash,2007,OBC,F,A,Kurukshetra,8th,66,72,71,95,52,356,71.2
11223884,R1883,Ravi,Naresh,2001,SC,F,A,Jhajjar,11th,60,57,51,85,24,277,55.4
11223885,R1884,Deepak,Lokesh,2005,SC,F,B,Sonipat,12th,39,78,95,37,85,334,66.8
11223886,R1885,Aman,Rajesh,2004,BC,M,C,Ambala,12th,6,9,32,50,58,155,31.0
11223887,R1886,Vikas,Dinesh,2003,OBC,M,C,Karnal,8th,27,44,29,12,89,201,40.2
11223888,R1887,Vikas,Satish,2000,BC,F,A,Hisar,8th,42,35,99,21,68,265,53.0
11223889,R1888,Ravi,Dinesh,2009,SC,F,B,Faridabad,8th,82,16,60,50,87,295,59.0
11223890,R1889,Mohit,Lokesh,2008,SC,F,D,Sonipat,12th,13,61,69,44,78,265,53.0
11223891,R1890,Pooja,Mukesh,2005,OBC,F,B,Ambala,11th,97,80,3,72,4,256,51.2
11223892,R1891,Deepak,Prakash,2004,OBC,F,C,Ambala,9th,31,85,28,86,44,274,54.8
11223893,R1892,Neha,Mahesh,2002,SC,F,C,Rohtak,9th,66,27,99,98,22,312,62.4
11223894,R1893,Anjali,Mukesh,2009,GNRL,M,A,Panipat,9th,28,12,8,37,60,145,29.0
11223895,R1894,Deepak,Mahesh,2002,SC,M,A,Panipat,9th,15,76,36,69,66,262,52.4
11223896,R1895,Anjali,Satish,2003,OBC,M,D,Ambala,7th,79,60,89,71,86,385,77.0
11223897,R1896,Anjali,Prakash,2004,SC,M,B,Ambala,11th,47,74,28,74,20,243,48.6
11223898,R1897,Deepak,Mukesh,2005,GNRL,F,B,Jhajjar,6th,61,11,65,15,77,229,45.8
11223899,R1898,Neha,Lokesh,2001,SC,F,D,Panipat,6th,39,70,17,7,85,218,43.6
11223900,R1899,Suman,Lokesh,2003,BC,M,D,Panipat,11th,16,77,80,30,9,212,42.4
